Location,Year,PM 2.5 Airpollution,Value
Afghanistan,2010,92.79,92.79 [66.17 – 128.4]
Afghanistan,2011,89.57,89.57 [64.75 – 122.9]
Afghanistan,2012,92.04,92.04 [66.43 – 125.9]
Afghanistan,2013,97.49,97.49 [70.24 – 132.9]
Afghanistan,2014,91.92,91.92 [66.24 – 125.7]
Afghanistan,2015,90.88,90.88 [65.86 – 123.3]
Afghanistan,2016,86.91,86.91 [63.04 – 118.6]
Afghanistan,2017,83.49,83.49 [60.22 – 114.9]
Afghanistan,2018,92.57,92.57 [67.33 – 126.5]
Afghanistan,2019,84.04,84.04 [60.77 – 114.9]
Albania,2010,22.37,22.37 [19.72 – 25.35]
Albania,2011,23.41,23.41 [21.01 – 26.05]
Albania,2012,22.13,22.13 [19.28 – 25.13]
Albania,2013,20.14,20.14 [18.29 – 22.5]
Albania,2014,19.47,19.47 [17.28 – 22.12]
Albania,2015,19.37,19.37 [17.38 – 21.79]
Albania,2016,18.45,18.45 [16.4 – 20.89]
Albania,2017,19.32,19.32 [17.33 – 21.6]
Albania,2018,20.18,20.18 [18.22 – 22.49]
Albania,2019,16.7,16.7 [15.03 – 18.8]
Algeria,2010,21.72,21.72 [13.97 – 34.12]
Algeria,2011,22.08,22.08 [14.33 – 33.19]
Algeria,2012,23.53,23.53 [14.71 – 35.77]
Algeria,2013,21.68,21.68 [14.13 – 32.59]
Algeria,2014,23.48,23.48 [14.7 – 35.66]
Algeria,2015,23.48,23.48 [14.74 – 35.74]
Algeria,2016,23.95,23.95 [14.84 – 36.54]
Algeria,2017,24.13,24.13 [14.92 – 36.9]
Algeria,2018,23.74,23.74 [14.81 – 36.26]
Algeria,2019,23.75,23.75 [14.8 – 36.27]
Andorra,2010,11.88,11.88 [10.57 – 13.67]
Andorra,2011,12.13,12.13 [10.8 – 13.95]
Andorra,2012,11.23,11.23 [9.92 – 12.92]
Andorra,2013,10.56,10.56 [9.37 – 12.21]
Andorra,2014,9.73,9.73 [8.66 – 11.22]
Andorra,2015,10.35,10.35 [9.2 – 11.91]
Andorra,2016,9.44,9.44 [8.36 – 10.85]
Andorra,2017,9.69,9.69 [8.6 – 11.12]
Andorra,2018,9.6,9.6 [8.55 – 10.97]
Andorra,2019,8.88,8.88 [7.88 – 10.18]
Angola,2010,27.2,27.2 [5.35 – 95.36]
Angola,2011,28.33,28.33 [5.35 – 102.5]
Angola,2012,27.66,27.66 [5.29 – 99.52]
Angola,2013,28.67,28.67 [5.29 – 105.8]
Angola,2014,28.56,28.56 [5.26 – 105.9]
Angola,2015,29.71,29.71 [5.32 – 113]
Angola,2016,31.58,31.58 [5.43 – 124.7]
Angola,2017,31.16,31.16 [5.37 – 122.9]
Angola,2018,32.01,32.01 [5.41 – 128.5]
Angola,2019,33.19,33.19 [5.47 – 135.9]
Antigua and Barbuda,2010,8.29,8.29 [5.45 – 12.31]
Antigua and Barbuda,2011,7.92,7.92 [5.31 – 11.6]
Antigua and Barbuda,2012,8.33,8.33 [5.9 – 11.97]
Antigua and Barbuda,2013,8.18,8.18 [5.56 – 11.6]
Antigua and Barbuda,2014,8.63,8.63 [6 – 11.83]
Antigua and Barbuda,2015,9.03,9.03 [6.17 – 12.43]
Antigua and Barbuda,2016,9.09,9.09 [6.15 – 13.17]
Antigua and Barbuda,2017,9.41,9.41 [6.57 – 13.87]
Antigua and Barbuda,2018,9.01,9.01 [6.27 – 13.21]
Antigua and Barbuda,2019,8.42,8.42 [5.84 – 11.68]
Argentina,2010,13.98,13.98 [9.47 – 18.86]
Argentina,2011,14.1,14.1 [9.56 – 19.15]
Argentina,2012,13.77,13.77 [9.08 – 18.39]
Argentina,2013,14.91,14.91 [10.01 – 20.09]
Argentina,2014,14.43,14.43 [10.04 – 19.38]
Argentina,2015,15.13,15.13 [10.24 – 20.31]
Argentina,2016,14.85,14.85 [10.22 – 20.51]
Argentina,2017,14.13,14.13 [9.68 – 20.13]
Argentina,2018,13.44,13.44 [9.33 – 18.47]
Argentina,2019,12.85,12.85 [9.05 – 17.3]
Armenia,2010,45.75,45.75 [31.87 – 62.29]
Armenia,2011,52.0,52 [36.53 – 73.27]
Armenia,2012,51.34,51.34 [35.03 – 74.88]
Armenia,2013,47.96,47.96 [34.39 – 67.45]
Armenia,2014,45.42,45.42 [32.7 – 64.22]
Armenia,2015,45.44,45.44 [33.73 – 62.94]
Armenia,2016,44.84,44.84 [32.13 – 65.16]
Armenia,2017,42.29,42.29 [31.9 – 59.51]
Armenia,2018,41.54,41.54 [30.94 – 58.6]
Armenia,2019,38.26,38.26 [27.58 – 54.35]
Australia,2010,9.29,9.29 [8.37 – 10.25]
Australia,2011,8.26,8.26 [7.45 – 8.91]
Australia,2012,7.47,7.47 [6.94 – 8.05]
Australia,2013,7.47,7.47 [7.1 – 7.87]
Australia,2014,7.08,7.08 [6.75 – 7.34]
Australia,2015,6.76,6.76 [6.47 – 7.07]
Australia,2016,6.83,6.83 [6.5 – 7.21]
Australia,2017,7.06,7.06 [6.64 – 7.51]
Australia,2018,7.31,7.31 [6.79 – 7.76]
Australia,2019,9.19,9.19 [8.8 – 9.7]
Austria,2010,18.32,18.32 [17.61 – 19.43]
Austria,2011,18.7,18.7 [17.94 – 19.82]
Austria,2012,16.54,16.54 [15.88 – 17.55]
Austria,2013,16.27,16.27 [15.63 – 17.24]
Austria,2014,15.13,15.13 [14.51 – 16.04]
Austria,2015,16.05,16.05 [15.36 – 17.06]
Austria,2016,14.23,14.23 [13.68 – 15.1]
Austria,2017,14.22,14.22 [13.69 – 15.07]
Austria,2018,14.61,14.61 [14.03 – 15.49]
Austria,2019,13.33,13.33 [12.86 – 14.13]
Azerbaijan,2010,33.39,33.39 [14.82 – 63.51]
Azerbaijan,2011,37.44,37.44 [17.37 – 71.78]
Azerbaijan,2012,37.08,37.08 [17.22 – 66.07]
Azerbaijan,2013,34.65,34.65 [16.43 – 60.86]
Azerbaijan,2014,33.16,33.16 [16.09 – 58.36]
Azerbaijan,2015,32.72,32.72 [16.33 – 55.96]
Azerbaijan,2016,31.71,31.71 [15.78 – 51.25]
Azerbaijan,2017,30.34,30.34 [15.38 – 50.74]
Azerbaijan,2018,29.86,29.86 [14.35 – 50.13]
Azerbaijan,2019,27.15,27.15 [12.77 – 46.26]
Bahamas,2010,5.28,5.28 [3.6 – 7.52]
Bahamas,2011,5.22,5.22 [3.64 – 7.84]
Bahamas,2012,5.61,5.61 [3.98 – 8.49]
Bahamas,2013,5.4,5.4 [3.83 – 7.53]
Bahamas,2014,5.65,5.65 [3.97 – 8.1]
Bahamas,2015,5.65,5.65 [4.07 – 8.11]
Bahamas,2016,5.92,5.92 [4.17 – 8.37]
Bahamas,2017,6.17,6.17 [4.24 – 9.07]
Bahamas,2018,5.98,5.98 [4.26 – 8.46]
Bahamas,2019,5.52,5.52 [3.85 – 7.35]
Bahrain,2010,60.72,60.72 [38.71 – 89.06]
Bahrain,2011,59.45,59.45 [38.05 – 86.98]
Bahrain,2012,59.02,59.02 [37.87 – 86.29]
Bahrain,2013,57.41,57.41 [37 – 83.99]
Bahrain,2014,54.38,54.38 [35.14 – 79.57]
Bahrain,2015,61.25,61.25 [39.12 – 89.92]
Bahrain,2016,57.46,57.46 [37.11 – 83.99]
Bahrain,2017,59.58,59.58 [38.26 – 87.15]
Bahrain,2018,59.38,59.38 [38.17 – 86.85]
Bahrain,2019,56.48,56.48 [36.58 – 82.66]
Bangladesh,2010,53.32,53.32 [46.41 – 60.1]
Bangladesh,2011,54.13,54.13 [48.41 – 60.37]
Bangladesh,2012,55.01,55.01 [49.03 – 60.77]
Bangladesh,2013,57.33,57.33 [51.1 – 63.49]
Bangladesh,2014,55.27,55.27 [49.49 – 61.07]
Bangladesh,2015,55.05,55.05 [48.99 – 60.87]
Bangladesh,2016,51.97,51.97 [47.05 – 57.9]
Bangladesh,2017,50.23,50.23 [44.98 – 55.75]
Bangladesh,2018,55.24,55.24 [49.2 – 61.56]
Bangladesh,2019,50.12,50.12 [44.91 – 56.03]
Barbados,2010,9.19,9.19 [6.15 – 13.59]
Barbados,2011,9.09,9.09 [6.3 – 13.34]
Barbados,2012,9.66,9.66 [6.93 – 14.26]
Barbados,2013,9.36,9.36 [6.34 – 13.52]
Barbados,2014,10.0,10 [6.8 – 14.13]
Barbados,2015,10.58,10.58 [7.16 – 15.84]
Barbados,2016,10.4,10.4 [6.94 – 15.49]
Barbados,2017,10.96,10.96 [7.73 – 15.91]
Barbados,2018,10.41,10.41 [7.14 – 14.93]
Barbados,2019,9.84,9.84 [6.91 – 13.96]
Belarus,2010,22.73,22.73 [19.1 – 26.33]
Belarus,2011,20.62,20.62 [17.85 – 23.83]
Belarus,2012,19.75,19.75 [17.29 – 22.37]
Belarus,2013,20.44,20.44 [17.67 – 23.44]
Belarus,2014,21.34,21.34 [18.83 – 24.63]
Belarus,2015,18.67,18.67 [15.87 – 21.67]
Belarus,2016,16.79,16.79 [14.38 – 19.53]
Belarus,2017,16.31,16.31 [14.13 – 18.5]
Belarus,2018,18.24,18.24 [15.35 – 20.99]
Belarus,2019,17.51,17.51 [15.07 – 20.2]
Belgium,2010,17.58,17.58 [17.06 – 18.08]
Belgium,2011,17.81,17.81 [17.29 – 18.32]
Belgium,2012,16.01,16.01 [15.53 – 16.48]
Belgium,2013,15.8,15.8 [15.25 – 16.27]
Belgium,2014,14.35,14.35 [13.88 – 14.77]
Belgium,2015,14.5,14.5 [14.06 – 14.9]
Belgium,2016,13.51,13.51 [13.13 – 13.88]
Belgium,2017,13.46,13.46 [13.06 – 13.84]
Belgium,2018,13.27,13.27 [12.88 – 13.61]
Belgium,2019,12.3,12.3 [11.95 – 12.67]
Belize,2010,9.92,9.92 [3.91 – 20.28]
Belize,2011,9.89,9.89 [4.13 – 21.38]
Belize,2012,10.23,10.23 [4.3 – 21.17]
Belize,2013,10.25,10.25 [4 – 20.09]
Belize,2014,10.83,10.83 [4.54 – 23.28]
Belize,2015,11.1,11.1 [4.2 – 22.72]
Belize,2016,11.1,11.1 [4.47 – 21.96]
Belize,2017,11.38,11.38 [5.03 – 23.08]
Belize,2018,10.9,10.9 [4.58 – 20.92]
Belize,2019,10.51,10.51 [4.32 – 20.56]
Benin,2010,31.57,31.57 [22.84 – 44.14]
Benin,2011,32.32,32.32 [23.08 – 45.47]
Benin,2012,32.65,32.65 [23.16 – 46.05]
Benin,2013,31.84,31.84 [22.93 – 44.6]
Benin,2014,31.83,31.83 [22.93 – 44.51]
Benin,2015,34.08,34.08 [23.54 – 49.29]
Benin,2016,33.5,33.5 [23.4 – 47.85]
Benin,2017,33.46,33.46 [23.4 – 47.7]
Benin,2018,33.28,33.28 [23.37 – 47.29]
Benin,2019,32.61,32.61 [23.25 – 45.85]
Bhutan,2010,29.84,29.84 [26.1 – 33.21]
Bhutan,2011,29.45,29.45 [26.35 – 32.52]
Bhutan,2012,30.41,30.41 [27.22 – 33.35]
Bhutan,2013,31.08,31.08 [27.82 – 33.99]
Bhutan,2014,30.1,30.1 [27 – 33.23]
Bhutan,2015,29.41,29.41 [26.35 – 32.34]
Bhutan,2016,27.98,27.98 [25.02 – 31.06]
Bhutan,2017,26.83,26.83 [23.91 – 29.47]
Bhutan,2018,29.11,29.11 [26.04 – 32.03]
Bhutan,2019,26.44,26.44 [23.69 – 29.23]
Bolivia,2010,30.13,30.13 [22.5 – 39.15]
Bolivia,2011,28.0,28 [20.79 – 36.36]
Bolivia,2012,28.59,28.59 [21.03 – 37.7]
Bolivia,2013,28.97,28.97 [21.22 – 37.72]
Bolivia,2014,29.97,29.97 [23.53 – 37.53]
Bolivia,2015,28.86,28.86 [21.79 – 37.26]
Bolivia,2016,28.64,28.64 [21.2 – 36.13]
Bolivia,2017,26.34,26.34 [19.21 – 34.49]
Bolivia,2018,26.85,26.85 [19.6 – 36.25]
Bolivia,2019,27.43,27.43 [19.68 – 36.77]
Bosnia and Herzegovina,2010,42.92,42.92 [39.62 – 46.08]
Bosnia and Herzegovina,2011,45.06,45.06 [41.88 – 47.96]
Bosnia and Herzegovina,2012,43.85,43.85 [41.03 – 47.09]
Bosnia and Herzegovina,2013,38.98,38.98 [35.8 – 41.63]
Bosnia and Herzegovina,2014,39.6,39.6 [36.37 – 42.35]
Bosnia and Herzegovina,2015,37.95,37.95 [35.29 – 40.78]
Bosnia and Herzegovina,2016,36.78,36.78 [34.01 – 39.13]
Bosnia and Herzegovina,2017,40.28,40.28 [37.72 – 43.54]
Bosnia and Herzegovina,2018,39.63,39.63 [36.78 – 42.32]
Bosnia and Herzegovina,2019,32.53,32.53 [30.12 – 34.64]
Botswana,2010,15.45,15.45 [10.79 – 22.23]
Botswana,2011,15.39,15.39 [10.79 – 22.12]
Botswana,2012,14.72,14.72 [10.36 – 20.75]
Botswana,2013,14.51,14.51 [10.2 – 20.54]
Botswana,2014,14.7,14.7 [10.27 – 20.84]
Botswana,2015,14.84,14.84 [10.32 – 21.16]
Botswana,2016,14.58,14.58 [10.2 – 20.7]
Botswana,2017,15.11,15.11 [10.61 – 21.54]
Botswana,2018,15.02,15.02 [10.5 – 21.37]
Botswana,2019,14.78,14.78 [10.36 – 20.8]
Brazil,2010,15.67,15.67 [14.03 – 17.92]
Brazil,2011,16.11,16.11 [14.68 – 18.33]
Brazil,2012,15.24,15.24 [13.62 – 17.38]
Brazil,2013,14.22,14.22 [12.96 – 16.19]
Brazil,2014,14.37,14.37 [13.01 – 16.22]
Brazil,2015,12.95,12.95 [11.59 – 14.6]
Brazil,2016,12.88,12.88 [11.65 – 14.58]
Brazil,2017,15.95,15.95 [14.2 – 18.22]
Brazil,2018,11.99,11.99 [10.92 – 13.55]
Brazil,2019,11.75,11.75 [10.48 – 13.56]
Brunei,2010,8.94,8.94 [7.39 – 11.25]
Brunei,2011,9.11,9.11 [7.47 – 11.51]
Brunei,2012,8.19,8.19 [6.74 – 10.22]
Brunei,2013,8.71,8.71 [7.18 – 10.93]
Brunei,2014,8.64,8.64 [7.14 – 10.84]
Brunei,2015,8.4,8.4 [6.97 – 10.57]
Brunei,2016,8.51,8.51 [7.04 – 10.58]
Brunei,2017,7.64,7.64 [6.34 – 9.63]
Brunei,2018,7.21,7.21 [5.97 – 9]
Brunei,2019,7.36,7.36 [6.09 – 9.16]
Bulgaria,2010,26.2,26.2 [24.98 – 27.53]
Bulgaria,2011,26.63,26.63 [25.37 – 27.86]
Bulgaria,2012,24.33,24.33 [23.28 – 25.28]
Bulgaria,2013,23.12,23.12 [22.04 – 24.22]
Bulgaria,2014,23.15,23.15 [22.08 – 24.14]
Bulgaria,2015,22.26,22.26 [21.21 – 23.41]
Bulgaria,2016,21.33,21.33 [20.32 – 22.19]
Bulgaria,2017,21.98,21.98 [20.88 – 23]
Bulgaria,2018,22.06,22.06 [20.98 – 23.1]
Bulgaria,2019,18.63,18.63 [17.72 – 19.52]
Burkina Faso,2010,50.37,50.37 [16.48 – 129.8]
Burkina Faso,2011,49.45,49.45 [16.38 – 127.2]
Burkina Faso,2012,50.46,50.46 [16.52 – 129.8]
Burkina Faso,2013,47.81,47.81 [16.15 – 122.6]
Burkina Faso,2014,49.66,49.66 [16.41 – 127.5]
Burkina Faso,2015,54.15,54.15 [16.93 – 139.6]
Burkina Faso,2016,53.56,53.56 [16.9 – 138.2]
Burkina Faso,2017,53.35,53.35 [16.9 – 137.9]
Burkina Faso,2018,52.3,52.3 [16.79 – 135.2]
Burkina Faso,2019,51.29,51.29 [16.65 – 132.8]
Burundi,2010,28.61,28.61 [10.76 – 61.78]
Burundi,2011,28.48,28.48 [10.79 – 61.48]
Burundi,2012,29.18,29.18 [10.85 – 62.98]
Burundi,2013,29.04,29.04 [10.88 – 62.71]
Burundi,2014,29.18,29.18 [10.92 – 62.99]
Burundi,2015,29.31,29.31 [10.94 – 63.28]
Burundi,2016,29.3,29.3 [10.99 – 63.25]
Burundi,2017,28.6,28.6 [10.98 – 61.69]
Burundi,2018,29.0,29 [11.04 – 62.55]
Burundi,2019,29.04,29.04 [11.09 – 62.59]
Cambodia,2010,20.94,20.94 [16.8 – 25.2]
Cambodia,2011,19.25,19.25 [16.37 – 22.53]
Cambodia,2012,20.31,20.31 [16.36 – 23.63]
Cambodia,2013,21.3,21.3 [17.15 – 24.55]
Cambodia,2014,18.93,18.93 [15.82 – 22.17]
Cambodia,2015,19.39,19.39 [16.4 – 22.39]
Cambodia,2016,21.25,21.25 [17.52 – 24.67]
Cambodia,2017,18.81,18.81 [15.21 – 22.17]
Cambodia,2018,19.18,19.18 [15.64 – 22.39]
Cambodia,2019,19.8,19.8 [16.67 – 22.83]
Cameroon,2010,58.07,58.07 [36.93 – 84.44]
Cameroon,2011,58.94,58.94 [37.28 – 85.56]
Cameroon,2012,60.03,60.03 [37.68 – 87.21]
Cameroon,2013,57.34,57.34 [36.66 – 82.9]
Cameroon,2014,58.43,58.43 [37.09 – 84.59]
Cameroon,2015,63.93,63.93 [39.13 – 93.96]
Cameroon,2016,63.92,63.92 [39.61 – 90.88]
Cameroon,2017,64.32,64.32 [39.27 – 94.63]
Cameroon,2018,63.19,63.19 [39.35 – 89.64]
Cameroon,2019,62.02,62.02 [38.88 – 86.63]
Canada,2010,8.47,8.47 [8.25 – 8.7]
Canada,2011,8.57,8.57 [8.35 – 8.8]
Canada,2012,8.39,8.39 [8.14 – 8.62]
Canada,2013,8.05,8.05 [7.81 – 8.28]
Canada,2014,7.92,7.92 [7.67 – 8.18]
Canada,2015,7.71,7.71 [7.49 – 7.95]
Canada,2016,6.82,6.82 [6.6 – 7.03]
Canada,2017,7.4,7.4 [7.15 – 7.61]
Canada,2018,7.6,7.6 [7.39 – 7.81]
Canada,2019,6.87,6.87 [6.66 – 7.07]
Cape Verde,2010,30.08,30.08 [16.01 – 52.54]
Cape Verde,2011,33.2,33.2 [17.84 – 59.34]
Cape Verde,2012,34.17,34.17 [18.32 – 61.43]
Cape Verde,2013,32.83,32.83 [17.62 – 58.46]
Cape Verde,2014,32.21,32.21 [17.26 – 57.05]
Cape Verde,2015,35.7,35.7 [18.9 – 65.29]
Cape Verde,2016,34.04,34.04 [18.28 – 61.01]
Cape Verde,2017,34.73,34.73 [18.61 – 62.5]
Cape Verde,2018,33.23,33.23 [17.85 – 59.18]
Cape Verde,2019,33.14,33.14 [17.79 – 58.96]
Central African Republic,2010,35.04,35.04 [4.87 – 117.1]
Central African Republic,2011,36.86,36.86 [4.77 – 126.4]
Central African Republic,2012,34.63,34.63 [4.9 – 115]
Central African Republic,2013,34.07,34.07 [4.94 – 112.2]
Central African Republic,2014,35.93,35.93 [4.84 – 121.7]
Central African Republic,2015,36.62,36.62 [4.8 – 125.1]
Central African Republic,2016,35.83,35.83 [4.85 – 121]
Central African Republic,2017,34.45,34.45 [4.94 – 114]
Central African Republic,2018,36.25,36.25 [4.84 – 123.2]
Central African Republic,2019,34.65,34.65 [4.93 – 115]
Chad,2010,58.95,58.95 [24.26 – 127]
Chad,2011,60.36,60.36 [24.38 – 131.4]
Chad,2012,61.81,61.81 [24.54 – 135.8]
Chad,2013,58.51,58.51 [24.36 – 125.8]
Chad,2014,59.63,59.63 [24.47 – 129.3]
Chad,2015,65.23,65.23 [24.89 – 146.6]
Chad,2016,64.41,64.41 [24.91 – 143.9]
Chad,2017,65.15,65.15 [24.97 – 146.4]
Chad,2018,62.05,62.05 [24.85 – 136.6]
Chad,2019,60.7,60.7 [24.76 – 132.7]
Chile,2010,24.66,24.66 [22.45 – 27.07]
Chile,2011,24.84,24.84 [22.61 – 26.82]
Chile,2012,24.32,24.32 [22.12 – 26.3]
Chile,2013,26.4,26.4 [24.2 – 28.46]
Chile,2014,25.62,25.62 [23.54 – 27.32]
Chile,2015,26.57,26.57 [24.76 – 28.1]
Chile,2016,26.19,26.19 [24.46 – 28.08]
Chile,2017,25.12,25.12 [21.15 – 28.48]
Chile,2018,23.74,23.74 [20.93 – 27.08]
Chile,2019,22.63,22.63 [21.25 – 24.23]
China,2010,51.06,51.06 [47.97 – 53.8]
China,2011,56.44,56.44 [49.44 – 64.98]
China,2012,58.13,58.13 [50.93 – 64.75]
China,2013,70.43,70.43 [66.11 – 74.17]
China,2014,60.08,60.08 [56.69 – 62.88]
China,2015,56.12,56.12 [53.47 – 58.56]
China,2016,51.58,51.58 [49.26 – 53.94]
China,2017,50.89,50.89 [48.51 – 53.01]
China,2018,43.95,43.95 [41.83 – 45.8]
China,2019,41.42,41.42 [39.36 – 43.12]
Colombia,2010,19.82,19.82 [17.31 – 22.1]
Colombia,2011,20.38,20.38 [17.81 – 22.89]
Colombia,2012,19.6,19.6 [17.1 – 22.05]
Colombia,2013,20.65,20.65 [18.28 – 23.18]
Colombia,2014,19.6,19.6 [17.69 – 21.66]
Colombia,2015,19.74,19.74 [17.74 – 21.95]
Colombia,2016,19.19,19.19 [16.72 – 22.11]
Colombia,2017,18.16,18.16 [16.04 – 20.1]
Colombia,2018,16.81,16.81 [14.49 – 18.85]
Colombia,2019,15.97,15.97 [14.06 – 18.05]
Comoros,2010,14.05,14.05 [7.35 – 22.2]
Comoros,2011,14.21,14.21 [7.42 – 22.43]
Comoros,2012,14.48,14.48 [7.54 – 23.22]
Comoros,2013,14.4,14.4 [7.51 – 22.89]
Comoros,2014,14.57,14.57 [7.58 – 23.46]
Comoros,2015,14.87,14.87 [7.71 – 24.53]
Comoros,2016,14.5,14.5 [7.56 – 23.17]
Comoros,2017,14.63,14.63 [7.62 – 23.6]
Comoros,2018,14.75,14.75 [7.67 – 23.98]
Comoros,2019,14.71,14.71 [7.66 – 23.83]
Congo,2010,38.85,38.85 [5.48 – 168.9]
Congo,2011,39.13,39.13 [5.49 – 170.6]
Congo,2012,38.45,38.45 [5.45 – 166.3]
Congo,2013,39.14,39.14 [5.47 – 170.7]
Congo,2014,37.48,37.48 [5.39 – 160.3]
Congo,2015,37.51,37.51 [5.39 – 160.3]
Congo,2016,39.38,39.38 [5.48 – 171.9]
Congo,2017,38.29,38.29 [5.42 – 165.2]
Congo,2018,39.23,39.23 [5.47 – 171]
Congo,2019,39.96,39.96 [5.5 – 175.6]
Cook Islands,2010,7.53,7.53 [2.8 – 18.31]
Cook Islands,2011,7.34,7.34 [3.05 – 18.54]
Cook Islands,2012,7.49,7.49 [3.23 – 16.98]
Cook Islands,2013,7.48,7.48 [3.35 – 17.43]
Cook Islands,2014,7.41,7.41 [3.19 – 17.1]
Cook Islands,2015,7.5,7.5 [3.12 – 15.69]
Cook Islands,2016,7.67,7.67 [3.14 – 17.91]
Cook Islands,2017,7.66,7.66 [3.04 – 17.32]
Cook Islands,2018,7.83,7.83 [2.78 – 17.44]
Cook Islands,2019,7.87,7.87 [3.22 – 17.12]
Costa Rica,2010,19.34,19.34 [17.01 – 22.28]
Costa Rica,2011,20.24,20.24 [17.88 – 23]
Costa Rica,2012,19.48,19.48 [16.93 – 22.05]
Costa Rica,2013,20.17,20.17 [18.12 – 22.38]
Costa Rica,2014,18.93,18.93 [16.61 – 21.66]
Costa Rica,2015,19.18,19.18 [16.71 – 22.09]
Costa Rica,2016,18.81,18.81 [16.68 – 21.74]
Costa Rica,2017,17.96,17.96 [15.87 – 20.48]
Costa Rica,2018,16.35,16.35 [14.51 – 18.21]
Costa Rica,2019,15.46,15.46 [13.59 – 17.49]
Cote d'Ivoire,2010,50.27,50.27 [25.38 – 98]
Cote d'Ivoire,2011,52.09,52.09 [25.84 – 102.5]
Cote d'Ivoire,2012,52.5,52.5 [25.98 – 103.4]
Cote d'Ivoire,2013,51.19,51.19 [25.56 – 100.4]
Cote d'Ivoire,2014,51.22,51.22 [25.6 – 100.4]
Cote d'Ivoire,2015,57.0,57 [27.04 – 114.9]
Cote d'Ivoire,2016,55.13,55.13 [26.63 – 110]
Cote d'Ivoire,2017,55.61,55.61 [26.67 – 111.5]
Cote d'Ivoire,2018,55.1,55.1 [26.57 – 110.1]
Cote d'Ivoire,2019,54.06,54.06 [26.26 – 107.7]
Croatia,2010,21.64,21.64 [19.97 – 23.39]
Croatia,2011,22.77,22.77 [21.04 – 24.43]
Croatia,2012,20.49,20.49 [19.01 – 21.92]
Croatia,2013,19.51,19.51 [18.04 – 21.05]
Croatia,2014,19.72,19.72 [18.31 – 21.17]
Croatia,2015,19.21,19.21 [17.69 – 20.79]
Croatia,2016,18.27,18.27 [16.86 – 19.63]
Croatia,2017,18.78,18.78 [17.34 – 20.21]
Croatia,2018,19.57,19.57 [18.09 – 21.11]
Croatia,2019,15.81,15.81 [14.68 – 17.03]
Cuba,2010,19.02,19.02 [13.51 – 25.26]
Cuba,2011,18.23,18.23 [13.43 – 24.96]
Cuba,2012,19.62,19.62 [14.17 – 27.08]
Cuba,2013,18.95,18.95 [13.94 – 25.37]
Cuba,2014,19.56,19.56 [14.64 – 25.32]
Cuba,2015,20.19,20.19 [15.54 – 26.41]
Cuba,2016,20.62,20.62 [15.45 – 28.31]
Cuba,2017,20.85,20.85 [15.02 – 27.39]
Cuba,2018,20.12,20.12 [14.84 – 26.63]
Cuba,2019,18.71,18.71 [14.27 – 25.1]
Cyprus,2010,20.89,20.89 [19.51 – 22.29]
Cyprus,2011,19.79,19.79 [18.5 – 21.07]
Cyprus,2012,18.26,18.26 [17.14 – 19.39]
Cyprus,2013,18.1,18.1 [16.94 – 19.35]
Cyprus,2014,16.73,16.73 [15.67 – 17.91]
Cyprus,2015,17.0,17 [15.92 – 18.14]
Cyprus,2016,15.38,15.38 [14.43 – 16.38]
Cyprus,2017,16.4,16.4 [15.31 – 17.46]
Cyprus,2018,17.28,17.28 [16.11 – 18.44]
Cyprus,2019,16.29,16.29 [15.17 – 17.36]
Czechia,2010,21.33,21.33 [20.39 – 22.2]
Czechia,2011,21.86,21.86 [20.94 – 22.8]
Czechia,2012,19.75,19.75 [19.03 – 20.53]
Czechia,2013,18.98,18.98 [18.2 – 19.79]
Czechia,2014,19.23,19.23 [18.49 – 20.03]
Czechia,2015,18.36,18.36 [17.71 – 19.13]
Czechia,2016,17.47,17.47 [16.72 – 18.2]
Czechia,2017,17.81,17.81 [17.1 – 18.5]
Czechia,2018,18.33,18.33 [17.63 – 19.08]
Czechia,2019,15.03,15.03 [14.48 – 15.67]
Democratic Republic of Congo,2010,39.19,39.19 [7.1 – 144.4]
Democratic Republic of Congo,2011,38.61,38.61 [7.08 – 142]
Democratic Republic of Congo,2012,39.07,39.07 [7.1 – 142.1]
Democratic Republic of Congo,2013,39.28,39.28 [7.1 – 144]
Democratic Republic of Congo,2014,38.41,38.41 [7.06 – 136.9]
Democratic Republic of Congo,2015,38.87,38.87 [7.07 – 138.6]
Democratic Republic of Congo,2016,40.05,40.05 [7.16 – 146.3]
Democratic Republic of Congo,2017,38.57,38.57 [7.07 – 137.9]
Democratic Republic of Congo,2018,38.98,38.98 [7.1 – 140.9]
Democratic Republic of Congo,2019,39.29,39.29 [7.08 – 143]
Denmark,2010,13.72,13.72 [13.03 – 14.74]
Denmark,2011,14.39,14.39 [13.69 – 15.44]
Denmark,2012,12.71,12.71 [12.11 – 13.64]
Denmark,2013,12.16,12.16 [11.55 – 13.11]
Denmark,2014,11.5,11.5 [10.95 – 12.41]
Denmark,2015,11.83,11.83 [11.25 – 12.73]
Denmark,2016,10.81,10.81 [10.27 – 11.62]
Denmark,2017,11.02,11.02 [10.45 – 11.82]
Denmark,2018,11.1,11.1 [10.5 – 11.93]
Denmark,2019,10.7,10.7 [10.14 – 11.47]
Djibouti,2010,21.04,21.04 [7.86 – 43.34]
Djibouti,2011,21.23,21.23 [7.87 – 43.92]
Djibouti,2012,21.78,21.78 [7.9 – 45.62]
Djibouti,2013,21.21,21.21 [7.87 – 43.86]
Djibouti,2014,20.51,20.51 [7.84 – 41.71]
Djibouti,2015,20.83,20.83 [7.86 – 42.7]
Djibouti,2016,20.85,20.85 [7.86 – 42.77]
Djibouti,2017,22.28,22.28 [7.93 – 47.2]
Djibouti,2018,21.35,21.35 [7.88 – 44.31]
Djibouti,2019,21.04,21.04 [7.87 – 43.38]
Dominica,2010,8.01,8.01 [5.25 – 11.65]
Dominica,2011,7.85,7.85 [5.32 – 12]
Dominica,2012,8.28,8.28 [5.73 – 12.51]
Dominica,2013,8.05,8.05 [5.63 – 12.06]
Dominica,2014,8.52,8.52 [5.96 – 11.87]
Dominica,2015,8.99,8.99 [6.25 – 12.99]
Dominica,2016,9.05,9.05 [6.21 – 13.8]
Dominica,2017,9.41,9.41 [6.6 – 13.43]
Dominica,2018,8.92,8.92 [6.21 – 12.85]
Dominica,2019,8.38,8.38 [5.92 – 12.24]
Dominican Republic,2010,7.92,7.92 [4.85 – 12.4]
Dominican Republic,2011,7.38,7.38 [4.67 – 11.37]
Dominican Republic,2012,7.82,7.82 [4.98 – 11.42]
Dominican Republic,2013,7.57,7.57 [4.81 – 11.38]
Dominican Republic,2014,8.09,8.09 [4.92 – 12.01]
Dominican Republic,2015,8.26,8.26 [4.96 – 12.59]
Dominican Republic,2016,8.42,8.42 [5.21 – 12.66]
Dominican Republic,2017,8.75,8.75 [5.17 – 13.48]
Dominican Republic,2018,8.41,8.41 [5.04 – 12.7]
Dominican Republic,2019,7.98,7.98 [4.73 – 12.49]
East Timor,2010,22.44,22.44 [9.02 – 46.65]
East Timor,2011,21.23,21.23 [8.72 – 45.65]
East Timor,2012,22.43,22.43 [9.21 – 49.78]
East Timor,2013,23.04,23.04 [9.5 – 50.83]
East Timor,2014,20.89,20.89 [8.56 – 45.3]
East Timor,2015,21.09,21.09 [8.85 – 44.8]
East Timor,2016,23.0,23 [9.47 – 49.69]
East Timor,2017,21.26,21.26 [8.5 – 44.61]
East Timor,2018,21.42,21.42 [9.31 – 45.64]
East Timor,2019,22.26,22.26 [9.33 – 48.69]
Ecuador,2010,18.21,18.21 [16.22 – 20.42]
Ecuador,2011,17.76,17.76 [15.82 – 19.89]
Ecuador,2012,18.49,18.49 [16.67 – 20.22]
Ecuador,2013,18.9,18.9 [16.94 – 21.23]
Ecuador,2014,19.33,19.33 [17.3 – 21.99]
Ecuador,2015,18.56,18.56 [16.59 – 20.74]
Ecuador,2016,17.88,17.88 [15.94 – 20.34]
Ecuador,2017,16.54,16.54 [14.52 – 18.56]
Ecuador,2018,17.1,17.1 [14.82 – 19.64]
Ecuador,2019,17.31,17.31 [14.18 – 20.3]
Egypt,2010,64.1,64.1 [41.02 – 91.71]
Egypt,2011,62.61,62.61 [39.87 – 89.15]
Egypt,2012,63.72,63.72 [40.58 – 91.09]
Egypt,2013,65.3,65.3 [41.64 – 93.54]
Egypt,2014,65.55,65.55 [41.9 – 93.42]
Egypt,2015,64.95,64.95 [41.25 – 93.11]
Egypt,2016,65.43,65.43 [41.54 – 93.91]
Egypt,2017,65.55,65.55 [41.45 – 93.98]
Egypt,2018,65.48,65.48 [41.69 – 93.77]
Egypt,2019,66.42,66.42 [42.26 – 95.19]
El Salvador,2010,29.03,29.03 [18.93 – 42.05]
El Salvador,2011,30.47,30.47 [20.12 – 44.05]
El Salvador,2012,28.92,28.92 [19.28 – 41.97]
El Salvador,2013,30.64,30.64 [20.2 – 44.53]
El Salvador,2014,29.02,29.02 [19.5 – 41.25]
El Salvador,2015,29.2,29.2 [19.53 – 42.72]
El Salvador,2016,28.38,28.38 [18.14 – 40.89]
El Salvador,2017,26.83,26.83 [18.9 – 37.43]
El Salvador,2018,25.07,25.07 [16.39 – 36.66]
El Salvador,2019,23.84,23.84 [15.53 – 34.42]
Equatorial Guinea,2010,26.67,26.67 [5.27 – 68.78]
Equatorial Guinea,2011,28.24,28.24 [5.2 – 76.61]
Equatorial Guinea,2012,28.96,28.96 [5.17 – 79.64]
Equatorial Guinea,2013,27.32,27.32 [5.25 – 71.86]
Equatorial Guinea,2014,27.07,27.07 [5.26 – 70.51]
Equatorial Guinea,2015,31.91,31.91 [5.06 – 91.78]
Equatorial Guinea,2016,30.67,30.67 [5.11 – 86.32]
Equatorial Guinea,2017,30.87,30.87 [5.1 – 87.06]
Equatorial Guinea,2018,30.33,30.33 [5.12 – 84.63]
Equatorial Guinea,2019,28.68,28.68 [5.19 – 77.57]
Eritrea,2010,24.13,24.13 [9.29 – 58.71]
Eritrea,2011,24.38,24.38 [9.35 – 59.74]
Eritrea,2012,24.39,24.39 [9.36 – 59.79]
Eritrea,2013,23.92,23.92 [9.26 – 57.75]
Eritrea,2014,23.05,23.05 [9.07 – 53.93]
Eritrea,2015,24.08,24.08 [9.3 – 58.29]
Eritrea,2016,24.07,24.07 [9.3 – 58.23]
Eritrea,2017,25.11,25.11 [9.54 – 62.98]
Eritrea,2018,24.5,24.5 [9.41 – 60.17]
Eritrea,2019,24.63,24.63 [9.46 – 61.06]
Estonia,2010,8.89,8.89 [8.12 – 9.71]
Estonia,2011,8.05,8.05 [7.4 – 8.91]
Estonia,2012,7.76,7.76 [7.14 – 8.55]
Estonia,2013,8.04,8.04 [7.43 – 8.75]
Estonia,2014,8.24,8.24 [7.54 – 8.99]
Estonia,2015,7.08,7.08 [6.44 – 7.7]
Estonia,2016,6.52,6.52 [5.96 – 7.19]
Estonia,2017,6.2,6.2 [5.68 – 6.82]
Estonia,2018,7.04,7.04 [6.3 – 7.74]
Estonia,2019,6.67,6.67 [6.01 – 7.29]
Eswatini,2010,16.18,16.18 [11.19 – 22.48]
Eswatini,2011,15.93,15.93 [10.97 – 22.05]
Eswatini,2012,15.96,15.96 [10.98 – 22.09]
Eswatini,2013,16.14,16.14 [11.13 – 22.42]
Eswatini,2014,16.37,16.37 [11.33 – 22.83]
Eswatini,2015,16.04,16.04 [11.03 – 22.24]
Eswatini,2016,15.8,15.8 [10.82 – 21.83]
Eswatini,2017,15.98,15.98 [10.96 – 22.13]
Eswatini,2018,16.18,16.18 [11.14 – 22.5]
Eswatini,2019,16.35,16.35 [11.28 – 22.8]
Ethiopia,2010,23.88,23.88 [14.69 – 35.32]
Ethiopia,2011,23.98,23.98 [14.74 – 35.52]
Ethiopia,2012,23.67,23.67 [14.59 – 34.89]
Ethiopia,2013,23.71,23.71 [14.62 – 34.97]
Ethiopia,2014,23.63,23.63 [14.55 – 34.68]
Ethiopia,2015,23.77,23.77 [14.64 – 34.97]
Ethiopia,2016,23.82,23.82 [14.67 – 35.06]
Ethiopia,2017,23.85,23.85 [14.67 – 35.17]
Ethiopia,2018,23.92,23.92 [14.66 – 35.17]
Ethiopia,2019,23.5,23.5 [14.45 – 34.56]
Fiji,2010,8.04,8.04 [4.37 – 13.81]
Fiji,2011,7.7,7.7 [4.16 – 13.57]
Fiji,2012,7.82,7.82 [4.34 – 13.37]
Fiji,2013,7.82,7.82 [4.37 – 13.66]
Fiji,2014,8.02,8.02 [4.86 – 13.39]
Fiji,2015,8.05,8.05 [4.89 – 12.98]
Fiji,2016,8.22,8.22 [4.72 – 14.62]
Fiji,2017,8.29,8.29 [4.54 – 14.64]
Fiji,2018,8.37,8.37 [4.35 – 14.53]
Fiji,2019,8.14,8.14 [4.31 – 13.14]
Finland,2010,8.71,8.71 [8.11 – 9.42]
Finland,2011,8.74,8.74 [8.15 – 9.43]
Finland,2012,7.78,7.78 [7.22 – 8.36]
Finland,2013,7.67,7.67 [7.17 – 8.26]
Finland,2014,7.09,7.09 [6.6 – 7.68]
Finland,2015,7.09,7.09 [6.63 – 7.63]
Finland,2016,6.55,6.55 [6.13 – 7.04]
Finland,2017,6.42,6.42 [5.99 – 6.9]
Finland,2018,6.61,6.61 [6.2 – 7.09]
Finland,2019,6.4,6.4 [6.03 – 6.91]
France,2010,17.02,17.02 [16.6 – 17.56]
France,2011,17.31,17.31 [16.88 – 17.83]
France,2012,15.59,15.59 [15.2 – 16.05]
France,2013,15.16,15.16 [14.79 – 15.63]
France,2014,13.9,13.9 [13.53 – 14.36]
France,2015,14.21,14.21 [13.89 – 14.65]
France,2016,13.11,13.11 [12.81 – 13.49]
France,2017,13.12,13.12 [12.81 – 13.49]
France,2018,12.97,12.97 [12.69 – 13.29]
France,2019,12.03,12.03 [11.75 – 12.37]
Gabon,2010,31.82,31.82 [5.76 – 113.3]
Gabon,2011,32.05,32.05 [5.77 – 114.4]
Gabon,2012,32.7,32.7 [5.77 – 117.5]
Gabon,2013,32.08,32.08 [5.77 – 114.5]
Gabon,2014,31.68,31.68 [5.76 – 112.5]
Gabon,2015,33.39,33.39 [5.77 – 120.8]
Gabon,2016,33.79,33.79 [5.77 – 122.7]
Gabon,2017,33.25,33.25 [5.77 – 120.1]
Gabon,2018,33.68,33.68 [5.77 – 122.1]
Gabon,2019,33.96,33.96 [5.77 – 123.5]
Gambia,2010,41.36,41.36 [23.62 – 71.56]
Gambia,2011,41.69,41.69 [23.76 – 72.33]
Gambia,2012,43.37,43.37 [24.36 – 76.3]
Gambia,2013,40.99,40.99 [23.55 – 70.67]
Gambia,2014,42.16,42.16 [23.98 – 73.4]
Gambia,2015,44.23,44.23 [24.71 – 78.28]
Gambia,2016,43.21,43.21 [24.39 – 75.86]
Gambia,2017,44.81,44.81 [24.95 – 79.65]
Gambia,2018,44.24,44.24 [24.78 – 78.27]
Gambia,2019,43.5,43.5 [24.55 – 76.5]
Georgia,2010,26.05,26.05 [20.16 – 34.73]
Georgia,2011,29.69,29.69 [23.16 – 39.2]
Georgia,2012,29.24,29.24 [22.34 – 37.8]
Georgia,2013,27.26,27.26 [21.16 – 34.9]
Georgia,2014,25.94,25.94 [21.3 – 32.25]
Georgia,2015,25.74,25.74 [21.21 – 33.05]
Georgia,2016,25.3,25.3 [19.95 – 31.95]
Georgia,2017,23.95,23.95 [19.37 – 29.46]
Georgia,2018,23.53,23.53 [19.09 – 28.93]
Georgia,2019,21.66,21.66 [17 – 27.53]
Germany,2010,16.88,16.88 [16.6 – 17.21]
Germany,2011,17.29,17.29 [17 – 17.65]
Germany,2012,15.4,15.4 [15.14 – 15.67]
Germany,2013,14.85,14.85 [14.63 – 15.13]
Germany,2014,13.94,13.94 [13.71 – 14.23]
Germany,2015,14.11,14.11 [13.88 – 14.38]
Germany,2016,13.0,13 [12.81 – 13.24]
Germany,2017,13.11,13.11 [12.89 – 13.36]
Germany,2018,12.97,12.97 [12.79 – 13.18]
Germany,2019,11.92,11.92 [11.73 – 12.15]
Ghana,2010,51.27,51.27 [37.15 – 76.97]
Ghana,2011,53.76,53.76 [38.08 – 81.54]
Ghana,2012,54.6,54.6 [38.38 – 83.07]
Ghana,2013,52.55,52.55 [37.86 – 79.39]
Ghana,2014,51.97,51.97 [37.64 – 78.19]
Ghana,2015,59.6,59.6 [39.75 – 92.35]
Ghana,2016,59.18,59.18 [39.62 – 92.66]
Ghana,2017,57.27,57.27 [39.39 – 88.7]
Ghana,2018,57.02,57.02 [39.4 – 88.29]
Ghana,2019,54.63,54.63 [38.95 – 83.04]
Greece,2010,21.83,21.83 [20.78 – 22.99]
Greece,2011,21.5,21.5 [20.49 – 22.64]
Greece,2012,19.6,19.6 [18.7 – 20.64]
Greece,2013,19.06,19.06 [18.09 – 20.17]
Greece,2014,17.19,17.19 [16.32 – 18.13]
Greece,2015,18.1,18.1 [17.23 – 19.08]
Greece,2016,16.65,16.65 [15.8 – 17.56]
Greece,2017,16.68,16.68 [15.88 – 17.64]
Greece,2018,17.18,17.18 [16.33 – 18.13]
Greece,2019,16.16,16.16 [15.35 – 17.03]
Grenada,2010,9.53,9.53 [6.42 – 12.34]
Grenada,2011,9.36,9.36 [6.36 – 12.29]
Grenada,2012,9.92,9.92 [7.24 – 12.63]
Grenada,2013,9.67,9.67 [7.09 – 12.31]
Grenada,2014,10.31,10.31 [7.21 – 13.09]
Grenada,2015,10.91,10.91 [7.77 – 13.76]
Grenada,2016,10.73,10.73 [7.83 – 13.93]
Grenada,2017,11.29,11.29 [8.09 – 14.82]
Grenada,2018,10.71,10.71 [8.14 – 14.56]
Grenada,2019,10.22,10.22 [7.15 – 13.37]
Guatemala,2010,29.45,29.45 [24.91 – 34.98]
Guatemala,2011,30.81,30.81 [26.51 – 37.33]
Guatemala,2012,28.92,28.92 [24.9 – 33.61]
Guatemala,2013,30.52,30.52 [26.48 – 36.44]
Guatemala,2014,28.39,28.39 [24.56 – 33.35]
Guatemala,2015,28.48,28.48 [24.37 – 33]
Guatemala,2016,28.06,28.06 [24.15 – 33.34]
Guatemala,2017,26.77,26.77 [22.98 – 31.61]
Guatemala,2018,24.38,24.38 [21.04 – 28.66]
Guatemala,2019,23.31,23.31 [20.22 – 28.17]
Guinea,2010,42.86,42.86 [22.82 – 74.98]
Guinea,2011,43.2,43.2 [22.88 – 75.62]
Guinea,2012,45.46,45.46 [23.91 – 80.55]
Guinea,2013,42.89,42.89 [22.82 – 74.79]
Guinea,2014,44.01,44.01 [23.29 – 77.25]
Guinea,2015,46.38,46.38 [24.19 – 82.44]
Guinea,2016,46.37,46.37 [24.11 – 82.12]
Guinea,2017,46.29,46.29 [24.11 – 81.91]
Guinea,2018,45.94,45.94 [24.04 – 81.02]
Guinea,2019,45.36,45.36 [23.89 – 79.58]
Guinea-Bissau,2010,41.0,41 [19.4 – 79.88]
Guinea-Bissau,2011,41.33,41.33 [19.47 – 80.8]
Guinea-Bissau,2012,42.92,42.92 [19.66 – 85.71]
Guinea-Bissau,2013,40.35,40.35 [19.43 – 77.54]
Guinea-Bissau,2014,42.0,42 [19.64 – 82.56]
Guinea-Bissau,2015,44.01,44.01 [19.88 – 88.84]
Guinea-Bissau,2016,42.44,42.44 [19.76 – 83.69]
Guinea-Bissau,2017,44.65,44.65 [20.01 – 90.72]
Guinea-Bissau,2018,43.84,43.84 [19.97 – 87.94]
Guinea-Bissau,2019,42.65,42.65 [19.88 – 84.06]
Guyana,2010,11.3,11.3 [5.41 – 18.01]
Guyana,2011,10.82,10.82 [5.43 – 17.08]
Guyana,2012,11.57,11.57 [6.07 – 19.06]
Guyana,2013,11.2,11.2 [5.61 – 18.85]
Guyana,2014,11.92,11.92 [6.17 – 19.28]
Guyana,2015,12.64,12.64 [6.51 – 20.4]
Guyana,2016,12.7,12.7 [6.96 – 22.48]
Guyana,2017,13.0,13 [6.99 – 21.78]
Guyana,2018,12.44,12.44 [6.26 – 20.31]
Guyana,2019,12.01,12.01 [6.2 – 20.48]
Haiti,2010,10.32,10.32 [5.61 – 18.2]
Haiti,2011,9.79,9.79 [5.34 – 16.59]
Haiti,2012,10.33,10.33 [5.79 – 18.46]
Haiti,2013,10.09,10.09 [5.78 – 18.78]
Haiti,2014,10.61,10.61 [6.12 – 19.68]
Haiti,2015,10.83,10.83 [6.04 – 18.83]
Haiti,2016,11.13,11.13 [6.21 – 20.35]
Haiti,2017,11.34,11.34 [6.09 – 19.04]
Haiti,2018,10.89,10.89 [6.11 – 18.31]
Haiti,2019,10.38,10.38 [5.52 – 17.73]
Honduras,2010,23.44,23.44 [16.36 – 31.44]
Honduras,2011,25.69,25.69 [17.8 – 35.12]
Honduras,2012,23.49,23.49 [16.05 – 32.38]
Honduras,2013,25.56,25.56 [17.73 – 34.83]
Honduras,2014,24.13,24.13 [16.73 – 32.8]
Honduras,2015,24.09,24.09 [16.09 – 32.73]
Honduras,2016,23.57,23.57 [16.2 – 31.06]
Honduras,2017,22.03,22.03 [15.04 – 30.28]
Honduras,2018,20.94,20.94 [14.56 – 28.52]
Honduras,2019,19.75,19.75 [13.39 – 26.91]
Hungary,2010,22.08,22.08 [20.78 – 23.79]
Hungary,2011,22.92,22.92 [21.68 – 24.34]
Hungary,2012,20.39,20.39 [19.31 – 21.5]
Hungary,2013,19.71,19.71 [18.63 – 20.75]
Hungary,2014,20.06,20.06 [18.86 – 21.35]
Hungary,2015,19.4,19.4 [18.32 – 20.78]
Hungary,2016,18.27,18.27 [17.28 – 19.54]
Hungary,2017,18.71,18.71 [17.66 – 19.96]
Hungary,2018,19.44,19.44 [18.43 – 20.67]
Hungary,2019,16.07,16.07 [15.09 – 17.13]
Iceland,2010,7.94,7.94 [7.17 – 8.79]
Iceland,2011,8.49,8.49 [7.64 – 9.44]
Iceland,2012,7.6,7.6 [6.87 – 8.42]
Iceland,2013,7.31,7.31 [6.6 – 8.13]
Iceland,2014,6.9,6.9 [6.22 – 7.66]
Iceland,2015,7.26,7.26 [6.54 – 8.06]
Iceland,2016,6.44,6.44 [5.82 – 7.14]
Iceland,2017,6.53,6.53 [5.89 – 7.21]
Iceland,2018,6.65,6.65 [6 – 7.37]
Iceland,2019,6.55,6.55 [5.89 – 7.29]
India,2010,61.35,61.35 [55.66 – 66.78]
India,2011,61.2,61.2 [58.34 – 64.49]
India,2012,61.69,61.69 [59.5 – 64.63]
India,2013,64.57,64.57 [61.83 – 67.61]
India,2014,61.97,61.97 [58.93 – 64.99]
India,2015,61.5,61.5 [58.99 – 64.32]
India,2016,58.69,58.69 [55.64 – 61.59]
India,2017,56.81,56.81 [54.27 – 59.12]
India,2018,61.41,61.41 [58.38 – 64.25]
India,2019,55.57,55.57 [52.7 – 58.17]
Indonesia,2010,23.17,23.17 [19.07 – 27.55]
Indonesia,2011,21.38,21.38 [18.1 – 26.1]
Indonesia,2012,22.68,22.68 [19.02 – 27.15]
Indonesia,2013,23.43,23.43 [20 – 27.27]
Indonesia,2014,21.03,21.03 [18 – 24.97]
Indonesia,2015,21.47,21.47 [18.27 – 24.86]
Indonesia,2016,23.34,23.34 [19.97 – 27.32]
Indonesia,2017,20.42,20.42 [17.34 – 24.2]
Indonesia,2018,20.43,20.43 [17.53 – 23.94]
Indonesia,2019,21.29,21.29 [18.36 – 25.9]
Iran,2010,32.65,32.65 [28.05 – 36.76]
Iran,2011,32.75,32.75 [28.13 – 36.87]
Iran,2012,33.2,33.2 [28.36 – 37.37]
Iran,2013,33.19,33.19 [28.35 – 37.34]
Iran,2014,33.32,33.32 [28.38 – 37.46]
Iran,2015,33.92,33.92 [28.76 – 38.16]
Iran,2016,33.98,33.98 [28.76 – 38.23]
Iran,2017,35.16,35.16 [29.43 – 39.9]
Iran,2018,35.92,35.92 [29.95 – 40.98]
Iran,2019,36.41,36.41 [30.14 – 41.95]
Iraq,2010,44.51,44.51 [36.56 – 54.75]
Iraq,2011,43.81,43.81 [36.06 – 53.69]
Iraq,2012,44.06,44.06 [36.24 – 54.07]
Iraq,2013,44.3,44.3 [36.45 – 54.45]
Iraq,2014,42.38,42.38 [34.89 – 51.54]
Iraq,2015,44.83,44.83 [36.88 – 55.24]
Iraq,2016,44.5,44.5 [36.57 – 54.76]
Iraq,2017,44.91,44.91 [36.91 – 55.38]
Iraq,2018,46.18,46.18 [37.83 – 57.36]
Iraq,2019,45.44,45.44 [37.2 – 56.25]
Ireland,2010,10.55,10.55 [9.99 – 11.11]
Ireland,2011,11.27,11.27 [10.36 – 12.25]
Ireland,2012,10.05,10.05 [9.47 – 10.64]
Ireland,2013,9.91,9.91 [9.11 – 10.82]
Ireland,2014,9.29,9.29 [8.58 – 10.08]
Ireland,2015,9.74,9.74 [8.95 – 10.59]
Ireland,2016,8.59,8.59 [7.91 – 9.35]
Ireland,2017,8.64,8.64 [7.94 – 9.34]
Ireland,2018,8.83,8.83 [8.13 – 9.58]
Ireland,2019,8.7,8.7 [8.01 – 9.41]
Israel,2010,25.97,25.97 [24.45 – 27.71]
Israel,2011,25.19,25.19 [23.75 – 26.95]
Israel,2012,23.5,23.5 [22.13 – 25.11]
Israel,2013,23.57,23.57 [22.25 – 25.2]
Israel,2014,21.8,21.8 [20.5 – 23.24]
Israel,2015,23.03,23.03 [21.61 – 24.66]
Israel,2016,21.2,21.2 [19.92 – 22.73]
Israel,2017,20.39,20.39 [19.18 – 21.86]
Israel,2018,21.23,21.23 [19.99 – 22.68]
Israel,2019,20.42,20.42 [19.14 – 21.9]
Italy,2010,22.17,22.17 [21.81 – 22.54]
Italy,2011,22.85,22.85 [22.44 – 23.2]
Italy,2012,20.39,20.39 [20.01 – 20.67]
Italy,2013,19.69,19.69 [19.35 – 19.97]
Italy,2014,18.35,18.35 [18.03 – 18.62]
Italy,2015,18.96,18.96 [18.63 – 19.27]
Italy,2016,17.36,17.36 [17.05 – 17.67]
Italy,2017,17.22,17.22 [16.91 – 17.49]
Italy,2018,17.41,17.41 [17.14 – 17.69]
Italy,2019,15.55,15.55 [15.3 – 15.8]
Jamaica,2010,17.28,17.28 [14.08 – 20.41]
Jamaica,2011,16.15,16.15 [13.88 – 18.5]
Jamaica,2012,17.47,17.47 [16.01 – 19.18]
Jamaica,2013,17.0,17 [14.5 – 19.57]
Jamaica,2014,18.27,18.27 [15.49 – 20.89]
Jamaica,2015,18.83,18.83 [16.22 – 21.57]
Jamaica,2016,18.94,18.94 [16.01 – 22.11]
Jamaica,2017,19.37,19.37 [15.63 – 23.86]
Jamaica,2018,18.74,18.74 [15.85 – 22.47]
Jamaica,2019,17.6,17.6 [14.86 – 20.58]
Japan,2010,15.01,15.01 [14.22 – 15.86]
Japan,2011,14.65,14.65 [13.83 – 15.62]
Japan,2012,13.03,13.03 [12.41 – 13.77]
Japan,2013,14.17,14.17 [13.47 – 14.94]
Japan,2014,14.11,14.11 [13.25 – 14.82]
Japan,2015,13.4,13.4 [12.69 – 14.1]
Japan,2016,13.17,13.17 [12.41 – 13.88]
Japan,2017,12.47,12.47 [11.71 – 13.17]
Japan,2018,11.38,11.38 [10.7 – 12.04]
Japan,2019,11.32,11.32 [10.67 – 11.93]
Jordan,2010,25.31,25.31 [19.05 – 33.42]
Jordan,2011,25.34,25.34 [19.09 – 33.45]
Jordan,2012,25.79,25.79 [19.47 – 34.22]
Jordan,2013,25.73,25.73 [19.41 – 34.11]
Jordan,2014,24.88,24.88 [18.96 – 32.44]
Jordan,2015,25.96,25.96 [19.72 – 34.35]
Jordan,2016,25.46,25.46 [19.29 – 33.49]
Jordan,2017,25.8,25.8 [19.65 – 34.04]
Jordan,2018,26.46,26.46 [20.25 – 35.17]
Jordan,2019,26.47,26.47 [20.28 – 35.18]
Kazakhstan,2010,44.96,44.96 [29.22 – 66.19]
Kazakhstan,2011,51.07,51.07 [31.82 – 77.36]
Kazakhstan,2012,51.2,51.2 [31.61 – 78.61]
Kazakhstan,2013,48.05,48.05 [30.85 – 74.64]
Kazakhstan,2014,45.28,45.28 [29.1 – 64.38]
Kazakhstan,2015,45.27,45.27 [29.26 – 63.82]
Kazakhstan,2016,44.61,44.61 [29.07 – 64.78]
Kazakhstan,2017,42.28,42.28 [27.23 – 62.09]
Kazakhstan,2018,41.58,41.58 [27.05 – 59.66]
Kazakhstan,2019,38.39,38.39 [24.39 – 55.49]
Kenya,2010,14.05,14.05 [8.1 – 20.02]
Kenya,2011,14.12,14.12 [8.12 – 20.12]
Kenya,2012,14.18,14.18 [8.14 – 20.23]
Kenya,2013,14.17,14.17 [8.13 – 20.19]
Kenya,2014,14.21,14.21 [8.15 – 20.26]
Kenya,2015,14.28,14.28 [8.16 – 20.45]
Kenya,2016,14.32,14.32 [8.17 – 20.49]
Kenya,2017,14.29,14.29 [8.17 – 20.4]
Kenya,2018,14.39,14.39 [8.19 – 20.66]
Kenya,2019,14.34,14.34 [8.17 – 20.51]
Kiribati,2010,8.01,8.01 [3.37 – 16.83]
Kiribati,2011,7.99,7.99 [3.42 – 16.1]
Kiribati,2012,7.9,7.9 [3.47 – 15.05]
Kiribati,2013,7.92,7.92 [3.53 – 15.61]
Kiribati,2014,7.65,7.65 [3.29 – 14.64]
Kiribati,2015,7.65,7.65 [3.18 – 14.92]
Kiribati,2016,8.04,8.04 [3.07 – 16.06]
Kiribati,2017,8.01,8.01 [2.95 – 16.32]
Kiribati,2018,8.04,8.04 [3.33 – 16.93]
Kiribati,2019,7.98,7.98 [3.28 – 16.63]
Kuwait,2010,70.5,70.5 [60.97 – 82.53]
Kuwait,2011,68.92,68.92 [59.73 – 80.27]
Kuwait,2012,69.49,69.49 [60.18 – 81.02]
Kuwait,2013,69.23,69.23 [59.98 – 80.61]
Kuwait,2014,65.59,65.59 [57.08 – 75.45]
Kuwait,2015,69.88,69.88 [60.48 – 81.44]
Kuwait,2016,68.01,68.01 [59 – 78.77]
Kuwait,2017,69.35,69.35 [60.06 – 80.62]
Kuwait,2018,69.78,69.78 [60.4 – 81.21]
Kuwait,2019,67.67,67.67 [58.73 – 78.22]
Kyrgyzstan,2010,48.66,48.66 [29.59 – 74.31]
Kyrgyzstan,2011,55.25,55.25 [34.68 – 85.02]
Kyrgyzstan,2012,54.87,54.87 [34.58 – 84.41]
Kyrgyzstan,2013,51.77,51.77 [31.83 – 79.1]
Kyrgyzstan,2014,48.55,48.55 [30.63 – 72.06]
Kyrgyzstan,2015,48.54,48.54 [30.65 – 71.06]
Kyrgyzstan,2016,47.99,47.99 [30.55 – 73.68]
Kyrgyzstan,2017,45.38,45.38 [28.43 – 69.57]
Kyrgyzstan,2018,44.61,44.61 [28.9 – 65.68]
Kyrgyzstan,2019,40.94,40.94 [25.49 – 58.84]
Laos,2010,26.67,26.67 [19.87 – 33.74]
Laos,2011,24.01,24.01 [18.13 – 30.46]
Laos,2012,25.41,25.41 [19.38 – 32.72]
Laos,2013,26.54,26.54 [20.68 – 33.61]
Laos,2014,23.74,23.74 [18.05 – 29.95]
Laos,2015,24.18,24.18 [18.66 – 30.47]
Laos,2016,26.83,26.83 [20.69 – 33.92]
Laos,2017,23.38,23.38 [18.02 – 29.42]
Laos,2018,23.58,23.58 [18.35 – 30.29]
Laos,2019,24.87,24.87 [19.11 – 31.17]
Latvia,2010,21.73,21.73 [19.82 – 24.39]
Latvia,2011,19.94,19.94 [18.31 – 22.34]
Latvia,2012,18.91,18.91 [17.18 – 21.09]
Latvia,2013,19.97,19.97 [18.36 – 22.6]
Latvia,2014,20.35,20.35 [18.6 – 22.82]
Latvia,2015,17.68,17.68 [15.98 – 19.63]
Latvia,2016,16.04,16.04 [14.66 – 18.08]
Latvia,2017,14.95,14.95 [13.45 – 16.93]
Latvia,2018,16.8,16.8 [15.3 – 18.89]
Latvia,2019,15.64,15.64 [14.09 – 17.49]
Lebanon,2010,24.84,24.84 [18.72 – 32.83]
Lebanon,2011,23.77,23.77 [18.31 – 30.32]
Lebanon,2012,24.48,24.48 [18.7 – 31.74]
Lebanon,2013,24.42,24.42 [18.7 – 31.44]
Lebanon,2014,24.31,24.31 [18.68 – 31.13]
Lebanon,2015,25.02,25.02 [18.98 – 32.67]
Lebanon,2016,24.62,24.62 [18.87 – 31.64]
Lebanon,2017,23.8,23.8 [18.45 – 30.15]
Lebanon,2018,24.46,24.46 [18.81 – 31.32]
Lebanon,2019,24.61,24.61 [18.9 – 31.61]
Lesotho,2010,21.52,21.52 [14.61 – 33.33]
Lesotho,2011,20.88,20.88 [14.4 – 31.96]
Lesotho,2012,20.35,20.35 [14.21 – 30.82]
Lesotho,2013,20.76,20.76 [14.36 – 31.66]
Lesotho,2014,20.83,20.83 [14.39 – 31.79]
Lesotho,2015,20.42,20.42 [14.25 – 30.92]
Lesotho,2016,20.29,20.29 [14.2 – 30.62]
Lesotho,2017,20.76,20.76 [14.38 – 31.58]
Lesotho,2018,20.75,20.75 [14.38 – 31.56]
Lesotho,2019,20.41,20.41 [14.26 – 30.83]
Liberia,2010,38.71,38.71 [18.68 – 72.2]
Liberia,2011,39.46,39.46 [19 – 73.43]
Liberia,2012,41.35,41.35 [19.5 – 76.18]
Liberia,2013,39.42,39.42 [18.98 – 73.73]
Liberia,2014,40.64,40.64 [19.38 – 75.54]
Liberia,2015,43.54,43.54 [20.11 – 80.86]
Liberia,2016,41.84,41.84 [19.74 – 77.53]
Liberia,2017,42.36,42.36 [19.9 – 78.41]
Liberia,2018,42.38,42.38 [19.93 – 78.63]
Liberia,2019,41.88,41.88 [19.84 – 78.07]
Libya,2010,31.68,31.68 [15.4 – 55.35]
Libya,2011,29.08,29.08 [14.61 – 50]
Libya,2012,29.14,29.14 [14.69 – 50.01]
Libya,2013,31.44,31.44 [15.34 – 54.85]
Libya,2014,30.34,30.34 [14.93 – 52.56]
Libya,2015,29.5,29.5 [14.75 – 50.95]
Libya,2016,30.47,30.47 [15.02 – 52.84]
Libya,2017,28.82,28.82 [14.51 – 49.43]
Libya,2018,30.8,30.8 [15.12 – 53.56]
Libya,2019,30.21,30.21 [14.98 – 52.28]
Lithuania,2010,15.91,15.91 [14.87 – 17.2]
Lithuania,2011,14.66,14.66 [13.72 – 15.94]
Lithuania,2012,13.99,13.99 [13.18 – 15.17]
Lithuania,2013,14.51,14.51 [13.51 – 15.5]
Lithuania,2014,14.8,14.8 [13.73 – 15.8]
Lithuania,2015,13.12,13.12 [12.21 – 14.06]
Lithuania,2016,11.81,11.81 [10.81 – 12.71]
Lithuania,2017,11.34,11.34 [10.39 – 12.34]
Lithuania,2018,12.73,12.73 [11.76 – 13.65]
Lithuania,2019,11.83,11.83 [10.98 – 12.65]
Luxembourg,2010,12.88,12.88 [11.83 – 14.06]
Luxembourg,2011,13.16,13.16 [12.08 – 14.34]
Luxembourg,2012,11.78,11.78 [10.91 – 12.81]
Luxembourg,2013,11.48,11.48 [10.56 – 12.48]
Luxembourg,2014,10.69,10.69 [9.81 – 11.66]
Luxembourg,2015,10.87,10.87 [10.05 – 11.84]
Luxembourg,2016,10.14,10.14 [9.35 – 11.05]
Luxembourg,2017,10.23,10.23 [9.45 – 11.12]
Luxembourg,2018,10.09,10.09 [9.34 – 11.01]
Luxembourg,2019,9.25,9.25 [8.54 – 10.07]
Madagascar,2010,21.17,21.17 [14.86 – 30.52]
Madagascar,2011,21.53,21.53 [15.11 – 31.17]
Madagascar,2012,21.06,21.06 [14.75 – 30.28]
Madagascar,2013,21.35,21.35 [14.97 – 30.78]
Madagascar,2014,21.08,21.08 [14.74 – 30.24]
Madagascar,2015,21.34,21.34 [14.94 – 30.67]
Madagascar,2016,21.06,21.06 [14.73 – 30.13]
Madagascar,2017,20.51,20.51 [14.29 – 29.1]
Madagascar,2018,21.05,21.05 [14.69 – 30.07]
Madagascar,2019,20.89,20.89 [14.56 – 29.74]
Malawi,2010,20.98,20.98 [6.67 – 45]
Malawi,2011,21.16,21.16 [6.64 – 46.06]
Malawi,2012,21.22,21.22 [6.65 – 46.25]
Malawi,2013,20.97,20.97 [6.71 – 44.89]
Malawi,2014,20.96,20.96 [6.7 – 44.98]
Malawi,2015,21.05,21.05 [6.71 – 45.42]
Malawi,2016,20.81,20.81 [6.67 – 44.43]
Malawi,2017,20.72,20.72 [6.64 – 44.21]
Malawi,2018,20.93,20.93 [6.66 – 45.05]
Malawi,2019,20.82,20.82 [6.64 – 44.58]
Malaysia,2010,26.83,26.83 [22 – 32.15]
Malaysia,2011,24.83,24.83 [21.52 – 28.17]
Malaysia,2012,26.27,26.27 [23.12 – 29.49]
Malaysia,2013,27.39,27.39 [24.75 – 30.54]
Malaysia,2014,24.53,24.53 [22.69 – 26.78]
Malaysia,2015,25.28,25.28 [23.04 – 28.11]
Malaysia,2016,26.99,26.99 [24.73 – 29.62]
Malaysia,2017,24.01,24.01 [21.72 – 26.76]
Malaysia,2018,24.11,24.11 [21.81 – 27.05]
Malaysia,2019,25.32,25.32 [23.53 – 27.11]
Maldives,2010,14.4,14.4 [11.03 – 19.16]
Maldives,2011,13.31,13.31 [10.62 – 17.33]
Maldives,2012,14.22,14.22 [11.05 – 18.46]
Maldives,2013,14.63,14.63 [11.27 – 19.24]
Maldives,2014,12.93,12.93 [10.24 – 17.21]
Maldives,2015,13.06,13.06 [10.18 – 17.46]
Maldives,2016,14.53,14.53 [11.43 – 19.25]
Maldives,2017,13.22,13.22 [10.71 – 17.37]
Maldives,2018,13.26,13.26 [10.45 – 17.5]
Maldives,2019,13.88,13.88 [10.82 – 18.27]
Mali,2010,49.08,49.08 [16.74 – 114.2]
Mali,2011,48.39,48.39 [16.72 – 111.7]
Mali,2012,49.94,49.94 [16.85 – 117.5]
Mali,2013,45.68,45.68 [16.65 – 100.8]
Mali,2014,48.6,48.6 [16.79 – 112.3]
Mali,2015,50.85,50.85 [16.99 – 120.9]
Mali,2016,50.33,50.33 [16.96 – 118.9]
Mali,2017,50.72,50.72 [17 – 120.6]
Mali,2018,50.11,50.11 [16.98 – 118.1]
Mali,2019,48.51,48.51 [16.91 – 111.7]
Malta,2010,17.38,17.38 [16.09 – 19.21]
Malta,2011,16.66,16.66 [15.46 – 18.45]
Malta,2012,14.56,14.56 [13.49 – 16.02]
Malta,2013,14.48,14.48 [13.46 – 16.05]
Malta,2014,14.06,14.06 [13.06 – 15.54]
Malta,2015,14.01,14.01 [12.99 – 15.46]
Malta,2016,13.42,13.42 [12.45 – 14.82]
Malta,2017,12.75,12.75 [11.8 – 14.07]
Malta,2018,13.96,13.96 [12.93 – 15.41]
Malta,2019,13.08,13.08 [12.05 – 14.44]
Marshall Islands,2010,7.6,7.6 [3.12 – 15.83]
Marshall Islands,2011,7.42,7.42 [3.19 – 15.66]
Marshall Islands,2012,7.46,7.46 [3.24 – 15.74]
Marshall Islands,2013,7.53,7.53 [3.33 – 15.59]
Marshall Islands,2014,7.32,7.32 [3 – 15.13]
Marshall Islands,2015,7.45,7.45 [3.14 – 15.4]
Marshall Islands,2016,7.58,7.58 [2.98 – 15.49]
Marshall Islands,2017,7.48,7.48 [2.83 – 15.04]
Marshall Islands,2018,7.5,7.5 [2.9 – 15.9]
Marshall Islands,2019,7.55,7.55 [2.82 – 15.77]
Mauritania,2010,49.95,49.95 [18.52 – 112.9]
Mauritania,2011,53.47,53.47 [18.56 – 123.2]
Mauritania,2012,54.61,54.61 [18.64 – 126.6]
Mauritania,2013,53.07,53.07 [18.76 – 122.3]
Mauritania,2014,53.15,53.15 [18.88 – 122.4]
Mauritania,2015,56.72,56.72 [18.92 – 133]
Mauritania,2016,55.15,55.15 [19.06 – 128.3]
Mauritania,2017,56.29,56.29 [19.15 – 131.7]
Mauritania,2018,55.07,55.07 [19.29 – 128]
Mauritania,2019,54.7,54.7 [19.4 – 127.1]
Mauritius,2010,11.29,11.29 [8.87 – 14.14]
Mauritius,2011,11.23,11.23 [8.8 – 14.03]
Mauritius,2012,11.27,11.27 [8.85 – 14.11]
Mauritius,2013,11.33,11.33 [8.89 – 14.21]
Mauritius,2014,11.34,11.34 [8.9 – 14.24]
Mauritius,2015,11.44,11.44 [8.97 – 14.41]
Mauritius,2016,11.42,11.42 [8.95 – 14.37]
Mauritius,2017,11.0,11 [8.52 – 13.64]
Mauritius,2018,11.1,11.1 [8.64 – 13.79]
Mauritius,2019,11.13,11.13 [8.68 – 13.85]
Mexico,2010,23.73,23.73 [21.98 – 25.41]
Mexico,2011,25.22,25.22 [23.28 – 27.47]
Mexico,2012,23.83,23.83 [22.1 – 25.54]
Mexico,2013,24.78,24.78 [23.16 – 26.31]
Mexico,2014,23.15,23.15 [21.61 – 25.29]
Mexico,2015,23.34,23.34 [21.77 – 25.19]
Mexico,2016,22.63,22.63 [21 – 24.73]
Mexico,2017,21.89,21.89 [19.89 – 24.11]
Mexico,2018,20.09,20.09 [19.04 – 21.08]
Mexico,2019,19.04,19.04 [17.41 – 21.01]
Micronesia (country),2010,7.78,7.78 [3.43 – 18.55]
Micronesia (country),2011,7.53,7.53 [3.55 – 17.15]
Micronesia (country),2012,7.71,7.71 [3.59 – 15.91]
Micronesia (country),2013,7.9,7.9 [3.71 – 17.12]
Micronesia (country),2014,7.63,7.63 [3.85 – 15.51]
Micronesia (country),2015,7.94,7.94 [4 – 15.84]
Micronesia (country),2016,7.98,7.98 [4.05 – 16.42]
Micronesia (country),2017,7.91,7.91 [3.67 – 15.95]
Micronesia (country),2018,7.95,7.95 [3.58 – 16.36]
Micronesia (country),2019,8.13,8.13 [3.56 – 16.38]
Moldova,2010,18.58,18.58 [13.19 – 24.92]
Moldova,2011,17.29,17.29 [12.56 – 23.08]
Moldova,2012,16.39,16.39 [11.74 – 22.16]
Moldova,2013,16.66,16.66 [11.73 – 22.73]
Moldova,2014,17.22,17.22 [12.21 – 22.97]
Moldova,2015,15.03,15.03 [10.45 – 20.41]
Moldova,2016,13.85,13.85 [10.17 – 18.79]
Moldova,2017,13.25,13.25 [9.67 – 18.4]
Moldova,2018,14.67,14.67 [10.72 – 19.79]
Moldova,2019,13.63,13.63 [9.53 – 18.61]
Monaco,2010,11.91,11.91 [10.57 – 13.27]
Monaco,2011,12.37,12.37 [11 – 13.76]
Monaco,2012,11.16,11.16 [9.95 – 12.39]
Monaco,2013,10.77,10.77 [9.62 – 12.05]
Monaco,2014,9.97,9.97 [8.91 – 11.08]
Monaco,2015,10.41,10.41 [9.33 – 11.58]
Monaco,2016,9.53,9.53 [8.5 – 10.59]
Monaco,2017,9.63,9.63 [8.61 – 10.79]
Monaco,2018,9.88,9.88 [8.82 – 10.96]
Monaco,2019,9.21,9.21 [8.24 – 10.27]
Mongolia,2010,68.63,68.63 [50.73 – 90.41]
Mongolia,2011,77.65,77.65 [57.16 – 99.22]
Mongolia,2012,77.68,77.68 [55.64 – 103]
Mongolia,2013,72.09,72.09 [54.65 – 90.77]
Mongolia,2014,69.17,69.17 [48.9 – 88.23]
Mongolia,2015,69.45,69.45 [48.43 – 89.74]
Mongolia,2016,68.57,68.57 [47.48 – 86.69]
Mongolia,2017,65.06,65.06 [47.42 – 82.57]
Mongolia,2018,62.44,62.44 [46.58 – 77.23]
Mongolia,2019,58.21,58.21 [43.88 – 73.05]
Montenegro,2010,26.64,26.64 [23.45 – 30.85]
Montenegro,2011,27.77,27.77 [24.54 – 32.21]
Montenegro,2012,27.37,27.37 [23.79 – 32.02]
Montenegro,2013,23.89,23.89 [21.09 – 27.46]
Montenegro,2014,23.77,23.77 [21.07 – 27.39]
Montenegro,2015,22.97,22.97 [20.26 – 26.62]
Montenegro,2016,21.94,21.94 [19.43 – 25.43]
Montenegro,2017,23.12,23.12 [20.23 – 26.79]
Montenegro,2018,23.82,23.82 [20.94 – 27.57]
Montenegro,2019,19.69,19.69 [17.47 – 22.76]
Morocco,2010,13.5,13.5 [11.28 – 16.19]
Morocco,2011,13.65,13.65 [11.39 – 16.35]
Morocco,2012,13.63,13.63 [11.37 – 16.32]
Morocco,2013,13.31,13.31 [11.12 – 15.88]
Morocco,2014,13.63,13.63 [11.37 – 16.33]
Morocco,2015,13.94,13.94 [11.64 – 16.69]
Morocco,2016,13.97,13.97 [11.68 – 16.74]
Morocco,2017,14.29,14.29 [11.96 – 17.16]
Morocco,2018,14.01,14.01 [11.69 – 16.76]
Morocco,2019,13.92,13.92 [11.62 – 16.64]
Mozambique,2010,18.72,18.72 [10.69 – 30.54]
Mozambique,2011,18.49,18.49 [10.69 – 29.94]
Mozambique,2012,18.45,18.45 [10.68 – 29.86]
Mozambique,2013,18.78,18.78 [10.72 – 30.7]
Mozambique,2014,18.97,18.97 [10.78 – 31.07]
Mozambique,2015,18.79,18.79 [10.74 – 30.62]
Mozambique,2016,18.18,18.18 [10.64 – 29.13]
Mozambique,2017,18.25,18.25 [10.7 – 29.35]
Mozambique,2018,18.74,18.74 [10.76 – 30.53]
Mozambique,2019,18.52,18.52 [10.74 – 29.98]
Myanmar,2010,30.23,30.23 [23.77 – 38.3]
Myanmar,2011,27.74,27.74 [22.82 – 33.16]
Myanmar,2012,29.4,29.4 [24.22 – 34.5]
Myanmar,2013,30.25,30.25 [25.79 – 35.37]
Myanmar,2014,26.93,26.93 [22.96 – 31.36]
Myanmar,2015,27.35,27.35 [22.97 – 31.69]
Myanmar,2016,29.99,29.99 [24.71 – 35.26]
Myanmar,2017,26.7,26.7 [22.31 – 31.14]
Myanmar,2018,26.81,26.81 [22.2 – 31.71]
Myanmar,2019,27.85,27.85 [23.25 – 32.12]
Namibia,2010,13.69,13.69 [6.16 – 26.37]
Namibia,2011,13.82,13.82 [6.16 – 27.09]
Namibia,2012,14.02,14.02 [6.16 – 28.23]
Namibia,2013,13.67,13.67 [6.19 – 25.97]
Namibia,2014,13.87,13.87 [6.19 – 27.17]
Namibia,2015,13.93,13.93 [6.19 – 27.34]
Namibia,2016,13.89,13.89 [6.21 – 26.95]
Namibia,2017,14.0,14 [6.21 – 27.65]
Namibia,2018,14.02,14.02 [6.22 – 27.66]
Namibia,2019,14.04,14.04 [6.23 – 27.66]
Nauru,2010,7.5,7.5 [3.03 – 14.98]
Nauru,2011,7.58,7.58 [3.01 – 14.92]
Nauru,2012,7.4,7.4 [3.02 – 14.14]
Nauru,2013,7.37,7.37 [2.88 – 14.43]
Nauru,2014,7.18,7.18 [2.79 – 13.72]
Nauru,2015,7.28,7.28 [2.91 – 13.23]
Nauru,2016,7.33,7.33 [2.82 – 13.25]
Nauru,2017,7.45,7.45 [2.61 – 13.38]
Nauru,2018,7.59,7.59 [2.7 – 14.8]
Nauru,2019,7.4,7.4 [2.89 – 14.43]
Nepal,2010,41.08,41.08 [35.45 – 47.84]
Nepal,2011,40.79,40.79 [36.35 – 47.34]
Nepal,2012,41.47,41.47 [36.77 – 48.16]
Nepal,2013,42.93,42.93 [36.1 – 50.33]
Nepal,2014,41.41,41.41 [34.91 – 48.95]
Nepal,2015,40.77,40.77 [34.51 – 48.2]
Nepal,2016,39.14,39.14 [33.49 – 46.85]
Nepal,2017,37.53,37.53 [31.86 – 44.89]
Nepal,2018,40.83,40.83 [34.67 – 48.7]
Nepal,2019,37.14,37.14 [31.7 – 44.01]
Netherlands,2010,15.54,15.54 [15.08 – 15.98]
Netherlands,2011,16.09,16.09 [15.62 – 16.56]
Netherlands,2012,14.23,14.23 [13.82 – 14.62]
Netherlands,2013,13.66,13.66 [13.3 – 14.08]
Netherlands,2014,12.93,12.93 [12.58 – 13.33]
Netherlands,2015,13.03,13.03 [12.67 – 13.44]
Netherlands,2016,12.01,12.01 [11.67 – 12.3]
Netherlands,2017,12.03,12.03 [11.69 – 12.35]
Netherlands,2018,11.9,11.9 [11.56 – 12.23]
Netherlands,2019,11.15,11.15 [10.85 – 11.45]
New Zealand,2010,9.69,9.69 [8.71 – 10.56]
New Zealand,2011,8.79,8.79 [8.02 – 9.57]
New Zealand,2012,7.94,7.94 [7.47 – 8.44]
New Zealand,2013,7.77,7.77 [7.35 – 8.29]
New Zealand,2014,7.44,7.44 [7.09 – 7.78]
New Zealand,2015,7.16,7.16 [6.86 – 7.53]
New Zealand,2016,7.11,7.11 [6.74 – 7.5]
New Zealand,2017,7.42,7.42 [7.04 – 7.82]
New Zealand,2018,7.7,7.7 [7.28 – 8.21]
New Zealand,2019,8.93,8.93 [8.51 – 9.39]
Nicaragua,2010,21.42,21.42 [14.94 – 30.65]
Nicaragua,2011,22.37,22.37 [15.51 – 31.29]
Nicaragua,2012,21.54,21.54 [14.71 – 30.71]
Nicaragua,2013,22.68,22.68 [16.15 – 31.78]
Nicaragua,2014,21.59,21.59 [15.23 – 29.89]
Nicaragua,2015,22.31,22.31 [15.64 – 31.62]
Nicaragua,2016,21.0,21 [14.7 – 30.41]
Nicaragua,2017,19.94,19.94 [14.11 – 28.24]
Nicaragua,2018,18.49,18.49 [13.08 – 26.44]
Nicaragua,2019,17.07,17.07 [11.73 – 24.31]
Niger,2010,58.23,58.23 [25.86 – 122.5]
Niger,2011,58.25,58.25 [25.9 – 122.6]
Niger,2012,58.76,58.76 [26.14 – 123.9]
Niger,2013,56.49,56.49 [25.57 – 117.9]
Niger,2014,57.7,57.7 [25.99 – 121.1]
Niger,2015,62.34,62.34 [27.13 – 133.6]
Niger,2016,61.87,61.87 [27.16 – 132.4]
Niger,2017,61.68,61.68 [27.24 – 131.8]
Niger,2018,60.28,60.28 [26.93 – 128.1]
Niger,2019,59.53,59.53 [26.82 – 126.1]
Nigeria,2010,53.89,53.89 [36.14 – 78.73]
Nigeria,2011,54.59,54.59 [36.51 – 80.11]
Nigeria,2012,55.42,55.42 [37.02 – 81.72]
Nigeria,2013,53.49,53.49 [35.06 – 74.46]
Nigeria,2014,54.72,54.72 [36.64 – 80.08]
Nigeria,2015,58.44,58.44 [38.65 – 88.08]
Nigeria,2016,58.21,58.21 [38.57 – 87.41]
Nigeria,2017,58.56,58.56 [38.7 – 88.18]
Nigeria,2018,57.28,57.28 [36.76 – 79.79]
Nigeria,2019,56.48,56.48 [36.39 – 78.47]
Niue,2010,6.44,6.44 [3.17 – 14.54]
Niue,2011,6.34,6.34 [3.21 – 13.49]
Niue,2012,6.43,6.43 [3.17 – 13.63]
Niue,2013,6.41,6.41 [3.09 – 13.7]
Niue,2014,6.52,6.52 [3.15 – 14.02]
Niue,2015,6.53,6.53 [3.31 – 12.8]
Niue,2016,6.75,6.75 [3.31 – 13.31]
Niue,2017,6.64,6.64 [3.21 – 13.59]
Niue,2018,6.73,6.73 [3.02 – 14.11]
Niue,2019,6.74,6.74 [3.15 – 13.16]
North Korea,2010,55.15,55.15 [40.63 – 71.72]
North Korea,2011,60.23,60.23 [43.39 – 80.17]
North Korea,2012,61.86,61.86 [45.37 – 80.94]
North Korea,2013,74.84,74.84 [55.27 – 96.38]
North Korea,2014,65.41,65.41 [48.53 – 84.2]
North Korea,2015,61.76,61.76 [46.1 – 79.8]
North Korea,2016,55.83,55.83 [41.6 – 71.9]
North Korea,2017,55.05,55.05 [40.84 – 71.13]
North Korea,2018,47.64,47.64 [35.52 – 61.67]
North Korea,2019,45.39,45.39 [34 – 58.66]
North Macedonia,2010,45.23,45.23 [42.04 – 48.77]
North Macedonia,2011,48.34,48.34 [44.91 – 51.97]
North Macedonia,2012,45.17,45.17 [41.75 – 48.63]
North Macedonia,2013,40.46,40.46 [37.91 – 43.55]
North Macedonia,2014,39.56,39.56 [37.04 – 42.38]
North Macedonia,2015,38.46,38.46 [35.74 – 41.47]
North Macedonia,2016,36.5,36.5 [34.24 – 39.18]
North Macedonia,2017,37.78,37.78 [35.42 – 40.36]
North Macedonia,2018,38.8,38.8 [36.34 – 41.57]
North Macedonia,2019,32.75,32.75 [30.67 – 35.02]
Norway,2010,9.55,9.55 [9.13 – 10]
Norway,2011,10.07,10.07 [9.62 – 10.52]
Norway,2012,8.88,8.88 [8.46 – 9.33]
Norway,2013,8.63,8.63 [8.26 – 9.04]
Norway,2014,7.96,7.96 [7.61 – 8.34]
Norway,2015,8.21,8.21 [7.83 – 8.63]
Norway,2016,7.62,7.62 [7.28 – 7.98]
Norway,2017,7.64,7.64 [7.31 – 8.03]
Norway,2018,7.57,7.57 [7.24 – 7.94]
Norway,2019,7.49,7.49 [7.16 – 7.87]
Oman,2010,38.62,38.62 [21.72 – 66.02]
Oman,2011,38.77,38.77 [21.69 – 66.47]
Oman,2012,39.99,39.99 [22.12 – 69.49]
Oman,2013,39.13,39.13 [21.74 – 67.31]
Oman,2014,37.46,37.46 [21.03 – 63.19]
Oman,2015,38.48,38.48 [21.48 – 65.55]
Oman,2016,37.99,37.99 [21.23 – 64.43]
Oman,2017,38.27,38.27 [21.34 – 65.09]
Oman,2018,39.12,39.12 [21.57 – 67.39]
Oman,2019,36.91,36.91 [20.71 – 61.95]
Pakistan,2010,60.19,60.19 [51.14 – 69.79]
Pakistan,2011,59.04,59.04 [51.61 – 67.8]
Pakistan,2012,59.92,59.92 [51.85 – 68.52]
Pakistan,2013,63.02,63.02 [54.52 – 72.41]
Pakistan,2014,59.83,59.83 [51.56 – 69.05]
Pakistan,2015,59.46,59.46 [51.37 – 68.19]
Pakistan,2016,56.96,56.96 [48.86 – 65.6]
Pakistan,2017,55.09,55.09 [47.45 – 63.88]
Pakistan,2018,59.51,59.51 [51.12 – 69.17]
Pakistan,2019,53.18,53.18 [45.81 – 61.42]
Palau,2010,7.37,7.37 [2.95 – 17.65]
Palau,2011,7.75,7.75 [3.21 – 18.58]
Palau,2012,7.92,7.92 [2.97 – 17.55]
Palau,2013,7.91,7.91 [2.97 – 19.11]
Palau,2014,7.9,7.9 [2.93 – 18.7]
Palau,2015,8.15,8.15 [3.08 – 18.82]
Palau,2016,7.7,7.7 [2.87 – 16.28]
Palau,2017,7.61,7.61 [2.77 – 16.7]
Palau,2018,7.88,7.88 [2.75 – 16.75]
Palau,2019,7.92,7.92 [3.02 – 17.48]
Palestine,2010,32.04,32.04 [22.16 – 46.27]
Palestine,2011,31.02,31.02 [21.7 – 44.33]
Palestine,2012,31.83,31.83 [22.08 – 45.81]
Palestine,2013,32.46,32.46 [22.36 – 47]
Palestine,2014,32.67,32.67 [22.47 – 47.37]
Palestine,2015,33.03,33.03 [22.63 – 47.89]
Palestine,2016,32.89,32.89 [22.58 – 47.73]
Palestine,2017,31.68,31.68 [22.03 – 45.38]
Palestine,2018,32.58,32.58 [22.44 – 47.06]
Palestine,2019,32.93,32.93 [22.6 – 47.69]
Panama,2010,14.53,14.53 [11.01 – 19.88]
Panama,2011,15.19,15.19 [11.12 – 21.02]
Panama,2012,14.89,14.89 [10.84 – 20.28]
Panama,2013,15.6,15.6 [11.58 – 20.65]
Panama,2014,14.85,14.85 [11.04 – 20.76]
Panama,2015,15.18,15.18 [11.06 – 20.4]
Panama,2016,14.39,14.39 [10.54 – 19.9]
Panama,2017,13.71,13.71 [10.1 – 18.79]
Panama,2018,12.64,12.64 [9.53 – 17.13]
Panama,2019,12.05,12.05 [8.88 – 16.7]
Papua New Guinea,2010,9.45,9.45 [2.68 – 21.34]
Papua New Guinea,2011,9.03,9.03 [3.07 – 21.83]
Papua New Guinea,2012,9.14,9.14 [3.07 – 22.49]
Papua New Guinea,2013,9.2,9.2 [2.99 – 23.04]
Papua New Guinea,2014,9.18,9.18 [2.95 – 22.61]
Papua New Guinea,2015,9.76,9.76 [3.38 – 24.3]
Papua New Guinea,2016,9.54,9.54 [3.17 – 24.36]
Papua New Guinea,2017,9.71,9.71 [3.04 – 24.25]
Papua New Guinea,2018,9.83,9.83 [3.16 – 25.2]
Papua New Guinea,2019,9.67,9.67 [3 – 22.74]
Paraguay,2010,17.69,17.69 [13.55 – 23.86]
Paraguay,2011,17.23,17.23 [13.22 – 23.3]
Paraguay,2012,16.76,16.76 [12.95 – 22.72]
Paraguay,2013,15.61,15.61 [11.95 – 21.56]
Paraguay,2014,15.45,15.45 [11.79 – 21.37]
Paraguay,2015,14.31,14.31 [10.86 – 19.47]
Paraguay,2016,14.67,14.67 [11.15 – 20.28]
Paraguay,2017,18.0,18 [13.87 – 24.42]
Paraguay,2018,13.37,13.37 [10.29 – 17.99]
Paraguay,2019,13.5,13.5 [10.3 – 18.17]
Peru,2010,32.06,32.06 [27.89 – 36.61]
Peru,2011,31.24,31.24 [27.64 – 35.75]
Peru,2012,32.95,32.95 [28.61 – 37.56]
Peru,2013,33.57,33.57 [29.91 – 38.64]
Peru,2014,34.66,34.66 [30.71 – 40.04]
Peru,2015,33.36,33.36 [30.24 – 38.17]
Peru,2016,32.24,32.24 [28.51 – 37.26]
Peru,2017,30.98,30.98 [27.39 – 35.69]
Peru,2018,32.46,32.46 [28.94 – 37.26]
Peru,2019,32.7,32.7 [27.32 – 39.22]
Philippines,2010,27.23,27.23 [23.52 – 31.91]
Philippines,2011,25.2,25.2 [22.04 – 28.84]
Philippines,2012,26.58,26.58 [24.04 – 29.18]
Philippines,2013,27.53,27.53 [25.06 – 30.12]
Philippines,2014,24.46,24.46 [22.27 – 26.55]
Philippines,2015,25.0,25 [22.49 – 27.36]
Philippines,2016,27.15,27.15 [24.66 – 29.46]
Philippines,2017,24.56,24.56 [22.25 – 26.99]
Philippines,2018,24.29,24.29 [21.44 – 27.53]
Philippines,2019,25.39,25.39 [23.12 – 27.87]
Poland,2010,28.79,28.79 [27.91 – 29.89]
Poland,2011,29.42,29.42 [28.63 – 30.28]
Poland,2012,26.66,26.66 [26.04 – 27.36]
Poland,2013,25.45,25.45 [24.79 – 26.07]
Poland,2014,25.56,25.56 [24.91 – 26.18]
Poland,2015,24.52,24.52 [23.78 – 25.28]
Poland,2016,23.22,23.22 [22.6 – 23.85]
Poland,2017,23.82,23.82 [23.17 – 24.52]
Poland,2018,24.39,24.39 [23.74 – 25.03]
Poland,2019,20.36,20.36 [19.78 – 20.89]
Portugal,2010,11.29,11.29 [10.89 – 11.7]
Portugal,2011,11.47,11.47 [11.04 – 11.85]
Portugal,2012,10.15,10.15 [9.75 – 10.5]
Portugal,2013,10.03,10.03 [9.64 – 10.33]
Portugal,2014,8.63,8.63 [8.33 – 8.94]
Portugal,2015,9.39,9.39 [9.05 – 9.69]
Portugal,2016,8.91,8.91 [8.57 – 9.18]
Portugal,2017,9.22,9.22 [8.87 – 9.5]
Portugal,2018,8.55,8.55 [8.24 – 8.86]
Portugal,2019,7.98,7.98 [7.67 – 8.27]
Qatar,2010,66.59,66.59 [50.88 – 82.02]
Qatar,2011,66.23,66.23 [50.62 – 81.57]
Qatar,2012,66.18,66.18 [50.63 – 81.53]
Qatar,2013,63.46,63.46 [49.18 – 77.92]
Qatar,2014,60.35,60.35 [46.75 – 73.79]
Qatar,2015,68.23,68.23 [51.99 – 84.34]
Qatar,2016,63.4,63.4 [49.09 – 77.87]
Qatar,2017,65.3,65.3 [50.26 – 80.42]
Qatar,2018,64.82,64.82 [49.99 – 79.78]
Qatar,2019,60.94,60.94 [47.16 – 74.61]
Romania,2010,20.96,20.96 [20.18 – 21.81]
Romania,2011,21.65,21.65 [20.79 – 22.44]
Romania,2012,19.71,19.71 [18.96 – 20.4]
Romania,2013,18.48,18.48 [17.83 – 19.13]
Romania,2014,18.34,18.34 [17.66 – 18.87]
Romania,2015,17.62,17.62 [17.09 – 18.26]
Romania,2016,16.89,16.89 [16.33 – 17.4]
Romania,2017,17.24,17.24 [16.63 – 17.8]
Romania,2018,17.28,17.28 [16.63 – 17.99]
Romania,2019,14.61,14.61 [13.94 – 15.26]
Russia,2010,13.8,13.8 [11.33 – 17.17]
Russia,2011,11.97,11.97 [9.67 – 15.11]
Russia,2012,11.67,11.67 [9.55 – 13.92]
Russia,2013,12.0,12 [9.97 – 14.92]
Russia,2014,12.38,12.38 [10.38 – 15.14]
Russia,2015,10.86,10.86 [9.09 – 13.31]
Russia,2016,10.0,10 [8.4 – 12.55]
Russia,2017,9.59,9.59 [7.98 – 11.94]
Russia,2018,10.61,10.61 [8.81 – 12.84]
Russia,2019,10.19,10.19 [8.58 – 12.57]
Rwanda,2010,36.49,36.49 [12.29 – 74.02]
Rwanda,2011,37.17,37.17 [12.31 – 75.7]
Rwanda,2012,37.73,37.73 [12.34 – 77.09]
Rwanda,2013,37.15,37.15 [12.36 – 75.63]
Rwanda,2014,37.43,37.43 [12.38 – 76.36]
Rwanda,2015,37.02,37.02 [12.41 – 75.32]
Rwanda,2016,37.24,37.24 [12.44 – 75.85]
Rwanda,2017,37.01,37.01 [12.47 – 75.34]
Rwanda,2018,37.4,37.4 [12.49 – 76.24]
Rwanda,2019,38.18,38.18 [12.53 – 78.18]
Saint Kitts and Nevis,2010,7.95,7.95 [5.58 – 10.57]
Saint Kitts and Nevis,2011,7.55,7.55 [5.51 – 10.33]
Saint Kitts and Nevis,2012,7.94,7.94 [6.07 – 11.02]
Saint Kitts and Nevis,2013,7.78,7.78 [6.02 – 10.07]
Saint Kitts and Nevis,2014,8.25,8.25 [6.21 – 10.85]
Saint Kitts and Nevis,2015,8.62,8.62 [6.45 – 11.44]
Saint Kitts and Nevis,2016,8.69,8.69 [6.5 – 12.03]
Saint Kitts and Nevis,2017,9.0,9 [7 – 12.52]
Saint Kitts and Nevis,2018,8.62,8.62 [6.57 – 11.39]
Saint Kitts and Nevis,2019,8.08,8.08 [6.21 – 10.44]
Saint Lucia,2010,8.46,8.46 [5.88 – 11.72]
Saint Lucia,2011,8.37,8.37 [5.85 – 12.07]
Saint Lucia,2012,8.84,8.84 [6.43 – 12.19]
Saint Lucia,2013,8.58,8.58 [6.18 – 11.8]
Saint Lucia,2014,9.13,9.13 [6.35 – 12.21]
Saint Lucia,2015,9.65,9.65 [6.94 – 13.37]
Saint Lucia,2016,9.59,9.59 [6.83 – 13.53]
Saint Lucia,2017,10.06,10.06 [7.37 – 13.78]
Saint Lucia,2018,9.54,9.54 [6.84 – 12.87]
Saint Lucia,2019,9.0,9 [6.58 – 11.84]
Saint Vincent and the Grenadines,2010,8.94,8.94 [5.62 – 12.03]
Saint Vincent and the Grenadines,2011,8.84,8.84 [5.43 – 12.18]
Saint Vincent and the Grenadines,2012,9.32,9.32 [6.25 – 12.75]
Saint Vincent and the Grenadines,2013,9.06,9.06 [6.09 – 12.13]
Saint Vincent and the Grenadines,2014,9.64,9.64 [6.38 – 12.8]
Saint Vincent and the Grenadines,2015,10.19,10.19 [6.86 – 13.8]
Saint Vincent and the Grenadines,2016,10.16,10.16 [6.88 – 14.72]
Saint Vincent and the Grenadines,2017,10.61,10.61 [7.16 – 14.94]
Saint Vincent and the Grenadines,2018,10.04,10.04 [7.15 – 14.75]
Saint Vincent and the Grenadines,2019,9.51,9.51 [6.22 – 13.39]
Samoa,2010,7.68,7.68 [2.97 – 17.23]
Samoa,2011,7.78,7.78 [3.03 – 18.84]
Samoa,2012,7.84,7.84 [3.13 – 19.1]
Samoa,2013,7.93,7.93 [3.19 – 18.92]
Samoa,2014,7.83,7.83 [2.96 – 17.92]
Samoa,2015,8.05,8.05 [3.11 – 17.48]
Samoa,2016,7.9,7.9 [3.02 – 18.34]
Samoa,2017,7.95,7.95 [2.97 – 16.87]
Samoa,2018,8.06,8.06 [2.99 – 17.22]
Samoa,2019,8.07,8.07 [2.8 – 18.16]
San Marino,2010,13.02,13.02 [10.83 – 15.3]
San Marino,2011,13.44,13.44 [11.2 – 15.77]
San Marino,2012,12.12,12.12 [10.12 – 14.14]
San Marino,2013,11.72,11.72 [9.78 – 13.69]
San Marino,2014,11.0,11 [9.2 – 12.89]
San Marino,2015,11.42,11.42 [9.52 – 13.38]
San Marino,2016,10.33,10.33 [8.59 – 12.08]
San Marino,2017,10.55,10.55 [8.78 – 12.33]
San Marino,2018,10.81,10.81 [8.98 – 12.69]
San Marino,2019,9.85,9.85 [8.21 – 11.53]
Sao Tome and Principe,2010,34.29,34.29 [16.84 – 59.61]
Sao Tome and Principe,2011,35.17,35.17 [17.17 – 61.58]
Sao Tome and Principe,2012,35.8,35.8 [17.39 – 62.99]
Sao Tome and Principe,2013,35.02,35.02 [17.09 – 61.24]
Sao Tome and Principe,2014,34.69,34.69 [16.95 – 60.52]
Sao Tome and Principe,2015,36.69,36.69 [17.69 – 64.99]
Sao Tome and Principe,2016,37.2,37.2 [17.87 – 66.16]
Sao Tome and Principe,2017,36.29,36.29 [17.52 – 64.1]
Sao Tome and Principe,2018,36.54,36.54 [17.6 – 64.67]
Sao Tome and Principe,2019,36.46,36.46 [17.56 – 64.49]
Saudi Arabia,2010,61.98,61.98 [45.47 – 80.83]
Saudi Arabia,2011,60.77,60.77 [44.5 – 78.65]
Saudi Arabia,2012,63.66,63.66 [46.36 – 84.53]
Saudi Arabia,2013,61.7,61.7 [44.83 – 80.44]
Saudi Arabia,2014,57.0,57 [41.34 – 73.56]
Saudi Arabia,2015,63.03,63.03 [46.25 – 81.91]
Saudi Arabia,2016,60.45,60.45 [44.04 – 79.21]
Saudi Arabia,2017,63.28,63.28 [46.29 – 83.7]
Saudi Arabia,2018,62.95,62.95 [45.99 – 81.93]
Saudi Arabia,2019,60.92,60.92 [44.25 – 79.06]
Senegal,2010,41.94,41.94 [28.02 – 56.08]
Senegal,2011,43.27,43.27 [27.91 – 57.85]
Senegal,2012,45.08,45.08 [27.8 – 60.22]
Senegal,2013,43.03,43.03 [28.15 – 57.41]
Senegal,2014,43.44,43.44 [28.21 – 58]
Senegal,2015,46.07,46.07 [28.25 – 61.62]
Senegal,2016,44.68,44.68 [28.23 – 59.77]
Senegal,2017,45.88,45.88 [28.39 – 61.32]
Senegal,2018,45.12,45.12 [28.36 – 60.37]
Senegal,2019,44.35,44.35 [28.57 – 59.2]
Serbia,2010,30.85,30.85 [28.28 – 33.48]
Serbia,2011,32.13,32.13 [29.64 – 34.57]
Serbia,2012,29.14,29.14 [26.91 – 31.53]
Serbia,2013,27.39,27.39 [25.23 – 29.57]
Serbia,2014,27.5,27.5 [25.14 – 29.76]
Serbia,2015,26.49,26.49 [24.47 – 28.63]
Serbia,2016,25.33,25.33 [23.29 – 27.22]
Serbia,2017,26.06,26.06 [23.95 – 28.19]
Serbia,2018,26.99,26.99 [24.84 – 29.1]
Serbia,2019,22.67,22.67 [21.01 – 24.39]
Seychelles,2010,18.41,18.41 [13.15 – 25.23]
Seychelles,2011,17.27,17.27 [12.36 – 23.26]
Seychelles,2012,18.33,18.33 [13.07 – 26.28]
Seychelles,2013,18.79,18.79 [13.33 – 27.17]
Seychelles,2014,16.69,16.69 [11.68 – 23.05]
Seychelles,2015,16.98,16.98 [12.09 – 24.69]
Seychelles,2016,18.67,18.67 [13.36 – 26.5]
Seychelles,2017,16.83,16.83 [12.38 – 23.88]
Seychelles,2018,16.95,16.95 [12.24 – 24.33]
Seychelles,2019,17.44,17.44 [12.44 – 24.14]
Sierra Leone,2010,42.31,42.31 [19.32 – 85.31]
Sierra Leone,2011,43.08,43.08 [19.48 – 86.49]
Sierra Leone,2012,46.34,46.34 [20.1 – 93.96]
Sierra Leone,2013,43.15,43.15 [19.5 – 86.09]
Sierra Leone,2014,45.13,45.13 [19.87 – 90.02]
Sierra Leone,2015,47.75,47.75 [20.34 – 98.35]
Sierra Leone,2016,45.59,45.59 [20 – 91.69]
Sierra Leone,2017,46.51,46.51 [20.22 – 96.08]
Sierra Leone,2018,45.95,45.95 [20.14 – 95.11]
Sierra Leone,2019,45.42,45.42 [20.04 – 92.87]
Singapore,2010,16.89,16.89 [13.13 – 22.25]
Singapore,2011,16.54,16.54 [13.08 – 21.93]
Singapore,2012,15.2,15.2 [11.82 – 20.12]
Singapore,2013,16.58,16.58 [12.91 – 21.85]
Singapore,2014,16.63,16.63 [12.98 – 21.92]
Singapore,2015,16.16,16.16 [12.61 – 21.25]
Singapore,2016,15.48,15.48 [12.03 – 20.46]
Singapore,2017,14.23,14.23 [11.18 – 18.67]
Singapore,2018,13.12,13.12 [10.34 – 17.26]
Singapore,2019,13.33,13.33 [10.54 – 17.56]
Slovakia,2010,22.77,22.77 [21.17 – 24.69]
Slovakia,2011,23.77,23.77 [22.16 – 25.68]
Slovakia,2012,21.15,21.15 [19.67 – 22.79]
Slovakia,2013,20.41,20.41 [19.12 – 22.12]
Slovakia,2014,20.51,20.51 [19.17 – 22.11]
Slovakia,2015,20.0,20 [18.51 – 21.6]
Slovakia,2016,18.86,18.86 [17.61 – 20.31]
Slovakia,2017,19.35,19.35 [18.04 – 20.63]
Slovakia,2018,19.97,19.97 [18.59 – 21.38]
Slovakia,2019,16.64,16.64 [15.54 – 17.78]
Slovenia,2010,22.43,22.43 [20.46 – 24.51]
Slovenia,2011,23.41,23.41 [21.26 – 25.65]
Slovenia,2012,21.35,21.35 [19.56 – 23.36]
Slovenia,2013,20.47,20.47 [18.59 – 22.38]
Slovenia,2014,20.4,20.4 [18.6 – 22.31]
Slovenia,2015,19.98,19.98 [18.25 – 21.69]
Slovenia,2016,18.99,18.99 [17.26 – 20.8]
Slovenia,2017,19.47,19.47 [17.76 – 21.25]
Slovenia,2018,20.2,20.2 [18.3 – 22.05]
Slovenia,2019,15.94,15.94 [14.54 – 17.67]
Solomon Islands,2010,8.32,8.32 [2.84 – 16.33]
Solomon Islands,2011,8.2,8.2 [2.9 – 15.52]
Solomon Islands,2012,8.31,8.31 [2.9 – 15.47]
Solomon Islands,2013,8.45,8.45 [2.76 – 15.88]
Solomon Islands,2014,8.53,8.53 [3.18 – 16.42]
Solomon Islands,2015,8.77,8.77 [3.06 – 15.86]
Solomon Islands,2016,8.73,8.73 [3.06 – 15.73]
Solomon Islands,2017,8.77,8.77 [3.09 – 15.57]
Solomon Islands,2018,8.94,8.94 [3.05 – 16.2]
Solomon Islands,2019,8.78,8.78 [3.29 – 15.9]
Somalia,2010,14.84,14.84 [6.83 – 29.61]
Somalia,2011,15.1,15.1 [6.84 – 30.1]
Somalia,2012,15.21,15.21 [6.86 – 30.32]
Somalia,2013,14.88,14.88 [6.85 – 29.7]
Somalia,2014,14.94,14.94 [6.85 – 29.83]
Somalia,2015,14.99,14.99 [6.86 – 29.93]
Somalia,2016,15.01,15.01 [6.87 – 29.95]
Somalia,2017,15.14,15.14 [6.88 – 30.21]
Somalia,2018,15.03,15.03 [6.89 – 30]
Somalia,2019,14.92,14.92 [6.91 – 29.79]
South Africa,2010,22.24,22.24 [19.57 – 24.48]
South Africa,2011,22.29,22.29 [19.54 – 24.52]
South Africa,2012,22.31,22.31 [19.53 – 24.54]
South Africa,2013,22.5,22.5 [19.65 – 24.85]
South Africa,2014,22.68,22.68 [19.79 – 25.13]
South Africa,2015,22.98,22.98 [19.99 – 25.45]
South Africa,2016,22.91,22.91 [19.91 – 25.41]
South Africa,2017,23.25,23.25 [20.2 – 25.8]
South Africa,2018,23.41,23.41 [20.31 – 26.03]
South Africa,2019,23.78,23.78 [20.58 – 26.65]
South Korea,2010,30.57,30.57 [29.44 – 31.96]
South Korea,2011,30.17,30.17 [29 – 31.44]
South Korea,2012,26.93,26.93 [25.8 – 27.97]
South Korea,2013,29.41,29.41 [28.26 – 30.73]
South Korea,2014,29.9,29.9 [28.63 – 31.2]
South Korea,2015,28.54,28.54 [27.37 – 29.76]
South Korea,2016,28.22,28.22 [27.08 – 29.35]
South Korea,2017,26.86,26.86 [25.59 – 27.82]
South Korea,2018,24.61,24.61 [23.53 – 25.57]
South Korea,2019,25.05,25.05 [24.2 – 26.1]
South Sudan,2010,23.37,23.37 [10.82 – 44.13]
South Sudan,2011,23.08,23.08 [10.74 – 43.16]
South Sudan,2012,23.59,23.59 [10.87 – 44.62]
South Sudan,2013,23.35,23.35 [10.81 – 43.84]
South Sudan,2014,23.03,23.03 [10.7 – 42.77]
South Sudan,2015,23.64,23.64 [10.89 – 44.43]
South Sudan,2016,24.44,24.44 [11.12 – 46.24]
South Sudan,2017,23.9,23.9 [10.97 – 44.5]
South Sudan,2018,23.96,23.96 [10.96 – 44.57]
South Sudan,2019,21.87,21.87 [10.34 – 38.96]
Spain,2010,13.97,13.97 [13.65 – 14.27]
Spain,2011,14.34,14.34 [14.07 – 14.64]
Spain,2012,12.99,12.99 [12.7 – 13.24]
Spain,2013,12.33,12.33 [12.06 – 12.54]
Spain,2014,11.33,11.33 [11.12 – 11.57]
Spain,2015,12.14,12.14 [11.92 – 12.4]
Spain,2016,10.98,10.98 [10.74 – 11.19]
Spain,2017,11.05,11.05 [10.82 – 11.25]
Spain,2018,10.95,10.95 [10.7 – 11.17]
Spain,2019,10.19,10.19 [9.94 – 10.38]
Sri Lanka,2010,26.49,26.49 [19.99 – 34.19]
Sri Lanka,2011,24.58,24.58 [19.03 – 32.49]
Sri Lanka,2012,26.11,26.11 [20.34 – 34.31]
Sri Lanka,2013,27.01,27.01 [20.76 – 34.5]
Sri Lanka,2014,24.04,24.04 [18.36 – 31.42]
Sri Lanka,2015,24.49,24.49 [18.86 – 31.45]
Sri Lanka,2016,27.01,27.01 [20.91 – 34.79]
Sri Lanka,2017,24.29,24.29 [18.47 – 31.32]
Sri Lanka,2018,24.43,24.43 [18.42 – 31.26]
Sri Lanka,2019,25.26,25.26 [19.37 – 32.05]
Sudan,2010,24.99,24.99 [12.4 – 48.16]
Sudan,2011,25.59,25.59 [12.47 – 49.84]
Sudan,2012,25.74,25.74 [12.58 – 50.05]
Sudan,2013,25.04,25.04 [12.44 – 48.31]
Sudan,2014,24.32,24.32 [12.32 – 46.58]
Sudan,2015,25.65,25.65 [12.57 – 50]
Sudan,2016,25.43,25.43 [12.67 – 49.17]
Sudan,2017,25.86,25.86 [12.82 – 50.09]
Sudan,2018,24.97,24.97 [12.71 – 47.7]
Sudan,2019,24.42,24.42 [12.56 – 46.47]
Suriname,2010,12.38,12.38 [6.56 – 19.45]
Suriname,2011,12.11,12.11 [6.48 – 19.19]
Suriname,2012,12.91,12.91 [7.52 – 20.34]
Suriname,2013,12.5,12.5 [7.21 – 19.97]
Suriname,2014,13.32,13.32 [7.44 – 21.4]
Suriname,2015,14.11,14.11 [8.09 – 22.52]
Suriname,2016,14.01,14.01 [8.32 – 21.31]
Suriname,2017,14.48,14.48 [8.35 – 22.29]
Suriname,2018,13.87,13.87 [7.43 – 21.86]
Suriname,2019,13.21,13.21 [7.5 – 20.06]
Sweden,2010,8.72,8.72 [8.31 – 9.17]
Sweden,2011,8.89,8.89 [8.49 – 9.28]
Sweden,2012,7.93,7.93 [7.57 – 8.31]
Sweden,2013,7.59,7.59 [7.23 – 7.93]
Sweden,2014,7.18,7.18 [6.83 – 7.5]
Sweden,2015,7.27,7.27 [6.92 – 7.61]
Sweden,2016,6.68,6.68 [6.38 – 6.99]
Sweden,2017,6.74,6.74 [6.43 – 7.06]
Sweden,2018,6.91,6.91 [6.57 – 7.23]
Sweden,2019,6.71,6.71 [6.38 – 7.05]
Switzerland,2010,14.14,14.14 [13.77 – 14.49]
Switzerland,2011,14.4,14.4 [14.01 – 14.77]
Switzerland,2012,12.99,12.99 [12.62 – 13.32]
Switzerland,2013,12.59,12.59 [12.25 – 12.93]
Switzerland,2014,11.62,11.62 [11.29 – 11.93]
Switzerland,2015,11.95,11.95 [11.61 – 12.25]
Switzerland,2016,11.03,11.03 [10.72 – 11.32]
Switzerland,2017,10.9,10.9 [10.61 – 11.21]
Switzerland,2018,11.02,11.02 [10.7 – 11.31]
Switzerland,2019,9.87,9.87 [9.54 – 10.13]
Syria,2010,26.38,26.38 [20.59 – 33.06]
Syria,2011,25.93,25.93 [20.38 – 32.44]
Syria,2012,26.06,26.06 [20.41 – 32.63]
Syria,2013,25.76,25.76 [20.28 – 32.21]
Syria,2014,25.6,25.6 [20.2 – 32]
Syria,2015,26.21,26.21 [20.47 – 32.84]
Syria,2016,25.82,25.82 [20.28 – 32.3]
Syria,2017,26.29,26.29 [20.51 – 32.94]
Syria,2018,26.47,26.47 [20.63 – 33.19]
Syria,2019,26.57,26.57 [20.7 – 33.31]
Tajikistan,2010,74.02,74.02 [52.88 – 100.7]
Tajikistan,2011,83.68,83.68 [59.35 – 114.1]
Tajikistan,2012,83.45,83.45 [58.24 – 114.7]
Tajikistan,2013,78.4,78.4 [56.92 – 103.8]
Tajikistan,2014,74.15,74.15 [56.12 – 98.55]
Tajikistan,2015,73.92,73.92 [53.4 – 96.68]
Tajikistan,2016,73.24,73.24 [52.59 – 101.3]
Tajikistan,2017,69.42,69.42 [50.64 – 95.66]
Tajikistan,2018,68.51,68.51 [49.71 – 91.23]
Tajikistan,2019,62.65,62.65 [46.83 – 82.97]
Tanzania,2010,16.37,16.37 [10.77 – 24.85]
Tanzania,2011,16.25,16.25 [10.7 – 24.63]
Tanzania,2012,16.49,16.49 [10.87 – 25.06]
Tanzania,2013,16.3,16.3 [10.75 – 24.7]
Tanzania,2014,16.24,16.24 [10.69 – 24.63]
Tanzania,2015,16.48,16.48 [10.81 – 25.04]
Tanzania,2016,16.55,16.55 [10.9 – 25.14]
Tanzania,2017,16.03,16.03 [10.64 – 24.18]
Tanzania,2018,16.29,16.29 [10.75 – 24.67]
Tanzania,2019,16.27,16.27 [10.74 – 24.61]
Thailand,2010,27.88,27.88 [23.25 – 32.76]
Thailand,2011,25.87,25.87 [23.16 – 28.84]
Thailand,2012,27.42,27.42 [24.68 – 30.24]
Thailand,2013,28.46,28.46 [25.91 – 31.03]
Thailand,2014,25.18,25.18 [23.63 – 26.61]
Thailand,2015,25.76,25.76 [24.09 – 27.51]
Thailand,2016,28.03,28.03 [25.67 – 30.13]
Thailand,2017,25.27,25.27 [22.97 – 27.4]
Thailand,2018,25.41,25.41 [23.14 – 28.5]
Thailand,2019,26.34,26.34 [24.87 – 27.87]
Togo,2010,37.57,37.57 [25.39 – 56.12]
Togo,2011,38.87,38.87 [25.44 – 58.98]
Togo,2012,39.28,39.28 [25.5 – 60.02]
Togo,2013,37.91,37.91 [25.67 – 56.77]
Togo,2014,37.8,37.8 [25.78 – 56.47]
Togo,2015,42.32,42.32 [25.59 – 65.76]
Togo,2016,41.23,41.23 [25.76 – 64.34]
Togo,2017,40.86,40.86 [25.89 – 63.85]
Togo,2018,40.63,40.63 [26.02 – 63.32]
Togo,2019,39.42,39.42 [26.22 – 60.48]
Tonga,2010,7.35,7.35 [4.31 – 12.62]
Tonga,2011,7.26,7.26 [4.33 – 13.05]
Tonga,2012,7.3,7.3 [4.38 – 13.07]
Tonga,2013,7.29,7.29 [4.19 – 12.86]
Tonga,2014,7.4,7.4 [4.49 – 12.4]
Tonga,2015,7.45,7.45 [4.7 – 12.57]
Tonga,2016,7.6,7.6 [4.55 – 13.11]
Tonga,2017,7.59,7.59 [4.2 – 12.58]
Tonga,2018,7.68,7.68 [4.04 – 13.06]
Tonga,2019,7.74,7.74 [4.45 – 12.91]
Trinidad and Tobago,2010,9.92,9.92 [7.8 – 12.89]
Trinidad and Tobago,2011,9.56,9.56 [7 – 11.89]
Trinidad and Tobago,2012,10.1,10.1 [7.61 – 12.16]
Trinidad and Tobago,2013,9.91,9.91 [7.75 – 12.26]
Trinidad and Tobago,2014,10.48,10.48 [7.82 – 12.65]
Trinidad and Tobago,2015,11.08,11.08 [8.27 – 13.55]
Trinidad and Tobago,2016,11.09,11.09 [8.31 – 13.62]
Trinidad and Tobago,2017,11.42,11.42 [8.83 – 13.82]
Trinidad and Tobago,2018,10.86,10.86 [8.34 – 13.27]
Trinidad and Tobago,2019,10.4,10.4 [8.09 – 12.76]
Tunisia,2010,28.44,28.44 [20.24 – 38.98]
Tunisia,2011,27.66,27.66 [19.82 – 37.63]
Tunisia,2012,27.49,27.49 [19.7 – 37.39]
Tunisia,2013,27.45,27.45 [19.6 – 37.32]
Tunisia,2014,29.14,29.14 [20.8 – 40.35]
Tunisia,2015,28.39,28.39 [20.33 – 39.02]
Tunisia,2016,29.76,29.76 [21.24 – 41.52]
Tunisia,2017,28.16,28.16 [20.17 – 38.68]
Tunisia,2018,29.5,29.5 [21.08 – 41.07]
Tunisia,2019,28.72,28.72 [20.55 – 39.66]
Turkey,2010,24.5,24.5 [23.06 – 26.31]
Turkey,2011,23.66,23.66 [22.42 – 25.1]
Turkey,2012,23.25,23.25 [22.08 – 24.63]
Turkey,2013,23.74,23.74 [22.48 – 25.21]
Turkey,2014,23.41,23.41 [22.2 – 24.81]
Turkey,2015,23.37,23.37 [22.17 – 24.77]
Turkey,2016,22.75,22.75 [21.58 – 24.11]
Turkey,2017,23.1,23.1 [21.95 – 24.46]
Turkey,2018,23.32,23.32 [22.13 – 24.7]
Turkey,2019,23.34,23.34 [22.14 – 24.74]
Turkmenistan,2010,33.48,33.48 [20.61 – 52.55]
Turkmenistan,2011,38.14,38.14 [23.09 – 60.23]
Turkmenistan,2012,37.85,37.85 [22.28 – 59.06]
Turkmenistan,2013,35.61,35.61 [21.51 – 52.88]
Turkmenistan,2014,33.81,33.81 [20.77 – 50.84]
Turkmenistan,2015,33.4,33.4 [21.14 – 51.58]
Turkmenistan,2016,33.21,33.21 [20.55 – 54.53]
Turkmenistan,2017,31.27,31.27 [18.72 – 49.48]
Turkmenistan,2018,30.94,30.94 [19.62 – 45.33]
Turkmenistan,2019,28.13,28.13 [17.6 – 44.05]
Tuvalu,2010,6.76,6.76 [2.96 – 13.29]
Tuvalu,2011,6.95,6.95 [2.85 – 13.33]
Tuvalu,2012,6.87,6.87 [2.95 – 13.43]
Tuvalu,2013,6.81,6.81 [2.97 – 12.43]
Tuvalu,2014,6.78,6.78 [2.7 – 12.71]
Tuvalu,2015,6.95,6.95 [2.79 – 12.7]
Tuvalu,2016,6.7,6.7 [2.61 – 13.65]
Tuvalu,2017,6.85,6.85 [2.56 – 13.58]
Tuvalu,2018,6.94,6.94 [2.52 – 13.68]
Tuvalu,2019,6.81,6.81 [2.59 – 13.49]
Uganda,2010,38.24,38.24 [25.02 – 52.16]
Uganda,2011,38.72,38.72 [25.26 – 52.99]
Uganda,2012,39.14,39.14 [25.52 – 53.69]
Uganda,2013,38.86,38.86 [25.32 – 53.13]
Uganda,2014,38.68,38.68 [25.19 – 52.83]
Uganda,2015,38.99,38.99 [25.35 – 53.32]
Uganda,2016,39.25,39.25 [25.52 – 53.74]
Uganda,2017,38.47,38.47 [25.06 – 52.69]
Uganda,2018,39.14,39.14 [25.41 – 53.58]
Uganda,2019,39.01,39.01 [25.31 – 53.38]
Ukraine,2010,20.03,20.03 [15 – 28]
Ukraine,2011,18.59,18.59 [14.04 – 26.36]
Ukraine,2012,17.52,17.52 [12.84 – 24.24]
Ukraine,2013,17.97,17.97 [13.23 – 25.48]
Ukraine,2014,18.62,18.62 [13.87 – 26.58]
Ukraine,2015,16.45,16.45 [12.28 – 23.04]
Ukraine,2016,15.0,15 [11.1 – 21.33]
Ukraine,2017,14.54,14.54 [10.47 – 20.51]
Ukraine,2018,16.0,16 [11.94 – 23.13]
Ukraine,2019,15.2,15.2 [10.86 – 21.38]
United Arab Emirates,2010,44.86,44.86 [37.53 – 54.18]
United Arab Emirates,2011,44.74,44.74 [37.39 – 54]
United Arab Emirates,2012,45.15,45.15 [37.8 – 54.67]
United Arab Emirates,2013,44.04,44.04 [37.07 – 53.31]
United Arab Emirates,2014,42.38,42.38 [36 – 51.32]
United Arab Emirates,2015,45.07,45.07 [37.82 – 54.87]
United Arab Emirates,2016,43.93,43.93 [37.17 – 53.51]
United Arab Emirates,2017,44.45,44.45 [37.5 – 54.26]
United Arab Emirates,2018,44.21,44.21 [37.36 – 54.01]
United Arab Emirates,2019,42.89,42.89 [36.35 – 52.16]
United Kingdom,2010,14.08,14.08 [13.63 – 14.56]
United Kingdom,2011,14.29,14.29 [13.76 – 14.71]
United Kingdom,2012,12.94,12.94 [12.53 – 13.32]
United Kingdom,2013,12.6,12.6 [12.14 – 13.02]
United Kingdom,2014,11.66,11.66 [11.25 – 12.04]
United Kingdom,2015,11.78,11.78 [11.41 – 12.17]
United Kingdom,2016,10.84,10.84 [10.47 – 11.12]
United Kingdom,2017,10.72,10.72 [10.36 – 11.09]
United Kingdom,2018,10.67,10.67 [10.31 – 11]
United Kingdom,2019,10.06,10.06 [9.73 – 10.39]
United States,2010,9.95,9.95 [9.78 – 10.11]
United States,2011,10.02,10.02 [9.86 – 10.19]
United States,2012,9.75,9.75 [9.59 – 9.96]
United States,2013,9.39,9.39 [9.23 – 9.53]
United States,2014,9.23,9.23 [9.06 – 9.4]
United States,2015,8.87,8.87 [8.73 – 9.01]
United States,2016,8.09,8.09 [7.96 – 8.2]
United States,2017,8.51,8.51 [8.36 – 8.68]
United States,2018,8.67,8.67 [8.52 – 8.81]
United States,2019,7.57,7.57 [7.42 – 7.69]
Uruguay,2010,9.34,9.34 [6.7 – 12.64]
Uruguay,2011,9.35,9.35 [6.79 – 12.78]
Uruguay,2012,9.17,9.17 [6.71 – 12.27]
Uruguay,2013,9.87,9.87 [7.38 – 12.77]
Uruguay,2014,9.67,9.67 [7.21 – 13.09]
Uruguay,2015,10.05,10.05 [7.41 – 13.49]
Uruguay,2016,9.89,9.89 [7.3 – 13.08]
Uruguay,2017,9.41,9.41 [6.74 – 13.11]
Uruguay,2018,8.94,8.94 [6.45 – 12.16]
Uruguay,2019,8.6,8.6 [6.44 – 11.58]
Uzbekistan,2010,55.55,55.55 [37.17 – 80.17]
Uzbekistan,2011,62.98,62.98 [43.23 – 94.11]
Uzbekistan,2012,62.62,62.62 [42.64 – 93.35]
Uzbekistan,2013,58.86,58.86 [39.87 – 84.54]
Uzbekistan,2014,55.44,55.44 [38.78 – 79.05]
Uzbekistan,2015,55.19,55.19 [36.97 – 81.97]
Uzbekistan,2016,54.68,54.68 [36.94 – 82.08]
Uzbekistan,2017,51.63,51.63 [36.38 – 75.48]
Uzbekistan,2018,50.56,50.56 [34.99 – 71.32]
Uzbekistan,2019,46.63,46.63 [32.45 – 67.17]
Vanuatu,2010,8.55,8.55 [3.67 – 18.28]
Vanuatu,2011,8.7,8.7 [3.37 – 18.16]
Vanuatu,2012,8.64,8.64 [3.31 – 19.16]
Vanuatu,2013,8.77,8.77 [3.42 – 18.51]
Vanuatu,2014,8.72,8.72 [3.42 – 17.26]
Vanuatu,2015,9.02,9.02 [3.57 – 18.89]
Vanuatu,2016,9.02,9.02 [3.46 – 18.19]
Vanuatu,2017,9.15,9.15 [3.39 – 18.31]
Vanuatu,2018,9.31,9.31 [3.51 – 19.01]
Vanuatu,2019,9.09,9.09 [3.54 – 19.32]
Venezuela,2010,21.5,21.5 [16.08 – 28.98]
Venezuela,2011,21.58,21.58 [16.52 – 28.24]
Venezuela,2012,20.69,20.69 [16.08 – 27.02]
Venezuela,2013,21.74,21.74 [16.65 – 28.01]
Venezuela,2014,20.52,20.52 [15.37 – 26.24]
Venezuela,2015,20.9,20.9 [15.56 – 26.95]
Venezuela,2016,20.41,20.41 [15.27 – 27.43]
Venezuela,2017,19.44,19.44 [14.5 – 25.43]
Venezuela,2018,17.66,17.66 [13.32 – 23.12]
Venezuela,2019,16.7,16.7 [12.48 – 22.15]
Vietnam,2010,24.78,24.78 [19.13 – 30.76]
Vietnam,2011,22.99,22.99 [18.93 – 26.96]
Vietnam,2012,24.09,24.09 [20.42 – 27.58]
Vietnam,2013,25.18,25.18 [20.68 – 29.42]
Vietnam,2014,22.38,22.38 [18.65 – 26.24]
Vietnam,2015,22.81,22.81 [18.55 – 27.4]
Vietnam,2016,24.88,24.88 [20.37 – 29.9]
Vietnam,2017,22.44,22.44 [18.51 – 26.37]
Vietnam,2018,22.44,22.44 [18.8 – 26.52]
Vietnam,2019,23.28,23.28 [19.34 – 26.53]
Yemen,2010,40.82,40.82 [14.08 – 84.77]
Yemen,2011,43.18,43.18 [14.55 – 90.99]
Yemen,2012,44.6,44.6 [14.87 – 94.58]
Yemen,2013,43.24,43.24 [14.58 – 91.15]
Yemen,2014,40.27,40.27 [14 – 83.3]
Yemen,2015,43.0,43 [14.52 – 90.51]
Yemen,2016,41.99,41.99 [14.35 – 87.85]
Yemen,2017,43.41,43.41 [14.61 – 91.66]
Yemen,2018,43.94,43.94 [14.72 – 93.14]
Yemen,2019,43.87,43.87 [14.72 – 93.03]
Zambia,2010,19.45,19.45 [7.64 – 42.49]
Zambia,2011,19.87,19.87 [7.67 – 44.25]
Zambia,2012,20.07,20.07 [7.64 – 44.83]
Zambia,2013,19.6,19.6 [7.67 – 42.82]
Zambia,2014,19.72,19.72 [7.69 – 43.26]
Zambia,2015,19.86,19.86 [7.71 – 43.95]
Zambia,2016,19.86,19.86 [7.71 – 44]
Zambia,2017,19.51,19.51 [7.65 – 42.63]
Zambia,2018,19.55,19.55 [7.66 – 42.77]
Zambia,2019,19.43,19.43 [7.64 – 42.3]
Zimbabwe,2010,15.14,15.14 [7.16 – 28.8]
Zimbabwe,2011,15.17,15.17 [7.16 – 28.92]
Zimbabwe,2012,15.19,15.19 [7.14 – 29.01]
Zimbabwe,2013,15.0,15 [7.18 – 28.26]
Zimbabwe,2014,14.98,14.98 [7.2 – 28.13]
Zimbabwe,2015,15.13,15.13 [7.18 – 28.7]
Zimbabwe,2016,14.99,14.99 [7.19 – 28.19]
Zimbabwe,2017,15.09,15.09 [7.19 – 28.55]
Zimbabwe,2018,14.98,14.98 [7.22 – 28.13]
Zimbabwe,2019,15.01,15.01 [7.2 – 28.24]
